DATE,Real_Effective,SP500,BUSLOANS,Month_3,CPIAUCSL,CCI,Inflation,Housing,long_term,NFCI,M3,Unemployment_Rate,SMB,HML,RMW,CMA,Mkt_minus_RF,F_D,E_D,C_D
1975-07-01,113.86,88.75,183.651,6.55,54,98.68261,0.0972,11.72,8.06,-0.6475,9.75E+11,8.6,3.42,1.7,0.43,1.19,-6.59,23.28968864,22.82451506,7.541798528
1975-08-01,115.23,86.879997,182.9282,6.87,54.2,98.69677,0.086,10.95,8.4,-0.566,9.83E+11,8.4,-2.79,-0.9,1.03,-0.89,-2.85,21.31332141,19.27941117,3.548020038
1975-09-01,115.26,83.870003,182.822,7.03,54.6,98.72337,0.0791,10.91,8.43,-0.4,9.92E+11,8.4,0.02,0.34,0.53,0.5,-4.26,12.96409125,10.75153415,1.473531629
1975-10-01,114.9,89.040001,182.7142,6.56,54.9,98.83214,0.0744,11.32,8.14,-0.264,9.98E+11,8.4,-4.23,0.3,-0.46,2.27,5.31,17.67548261,12.92099813,1.81924116
1975-11-01,115.19,91.239998,182.6189,6.26,55.3,99.07213,0.0738,11.41,8.05,-0.2825,1.01E+12,8.3,-1.07,1.99,-0.62,1.71,2.64,12.44113926,6.276100705,0.280815085
1975-12-01,115.95,90.190002,183.3586,6.03,55.6,99.35911,0.0694,11.14,8,-0.4625,1.02E+12,8.2,-0.03,1.76,-0.12,0.6,-1.6,3.261455072,2.921497116,0.225093836
1976-01-01,114.55,100.860001,182.6481,5.14,55.8,99.58169,0.0672,11.82,7.74,-0.738,1.03E+12,7.9,6.35,8.58,-1.9,2.36,12.16,24.92145032,16.16066016,5.956648493
1976-02-01,113.52,99.709999,182.0444,5.18,55.9,99.66043,0.0629,11.94,7.79,-0.9325,1.04E+12,7.7,7.97,5.78,-2.58,3.84,0.32,9.860273335,4.636300759,0.587560645
1976-03-01,113.65,102.769997,179.4877,5.34,56,99.67143,0.0607,11.67,7.73,-0.98,1.05E+12,7.6,-1.34,-0.04,-0.38,1.09,2.32,11.79859981,7.398578892,0.523750554
1976-04-01,113.26,101.639999,177.4755,5.12,56.1,99.71757,0.0605,11.51,7.56,-0.924,1.06E+12,7.7,0.14,-0.06,0.39,-1.1,-1.49,10.43554285,8.976860871,1.534152607
1976-05-01,113.48,100.18,178.4326,5.56,56.4,99.86747,0.062,11.18,7.9,-0.8125,1.07E+12,7.4,-1.12,-1.32,2.47,-1.42,-1.34,16.33834533,13.75238554,3.333377235
1976-06-01,113.96,104.279999,179.102,5.84,56.7,100.0594,0.0597,11.01,7.86,-0.77,1.08E+12,7.6,-1.13,0.68,-0.59,0.93,4.05,9.156007529,4.698860104,0.184889174
1976-07-01,113.47,103.440002,179.1423,5.52,57,100.1977,0.0535,11.14,7.83,-0.822,1.09E+12,7.8,0.62,1.74,-1.09,0.29,-1.07,14.1370476,10.76852472,4.333376666
1976-08-01,113.46,102.910004,179.7949,5.39,57.3,100.2063,0.0571,10.93,7.77,-0.8875,1.10E+12,7.8,-2.03,0.79,-0.46,-0.59,-0.56,5.606646287,4.493489513,1.013017295
1976-09-01,115.57,105.239998,181.1732,5.33,57.6,100.1376,0.0549,11.05,7.59,-0.91,1.11E+12,7.6,0.12,-0.29,0.99,-1.14,2.07,7.220218482,2.462946379,0.23748122
1976-10-01,115.76,102.900002,182.4383,5.12,57.9,100.0592,0.0546,10.54,7.41,-0.89,1.13E+12,7.7,0.16,-0.13,-0.22,-0.31,-2.42,8.035661054,7.040116292,2.23889717
1976-11-01,117.08,102.099998,183.9005,5.01,58.1,100.0189,0.0488,10.34,7.29,-0.845,1.14E+12,7.8,2.65,1.51,-1.39,0.08,0.36,4.459280942,3.058141652,0.061279556
1976-12-01,115.51,107.459999,185.2478,4.67,58.4,100.0196,0.0486,10.57,6.87,-0.826,1.15E+12,7.8,3.61,2.22,-0.62,2.23,5.65,9.693302598,6.074575506,2.556479942
1977-01-01,114.16,102.029999,185.7874,4.83,58.7,100.0632,0.0522,10.41,7.21,-0.8725,1.17E+12,7.5,5.9,4.26,-0.53,1.93,-4.05,7.903077056,6.786635619,3.123281173
1977-02-01,114.88,99.82,187.4113,4.83,59.3,100.154,0.0591,10.08,7.39,-0.9075,1.18E+12,7.6,1.11,0.5,-0.13,-0.19,-1.94,14.97548918,13.34060161,6.682262808
1977-03-01,114.73,98.419998,189.1547,4.84,59.6,100.2585,0.0644,9.98,7.46,-0.8775,1.19E+12,7.4,1.29,1.02,-0.32,-0.09,-1.37,7.843975187,6.49397803,1.322081844
1977-04-01,113.89,98.440002,190.2948,4.8,60,100.3342,0.0695,9.72,7.37,-0.764,1.20E+12,7.2,0.59,3.45,-2.03,1.16,0.15,6.113396395,5.808636164,0.759154543
1977-05-01,113.57,96.120003,191.7797,5.36,60.2,100.344,0.0673,9.58,7.46,-0.615,1.21E+12,7,1.28,0.84,0.33,0.11,-1.45,3.792848453,3.021411151,0.766712873
1977-06-01,113.41,100.480003,193.5548,5.42,60.5,100.3,0.0687,9.53,7.28,-0.5225,1.22E+12,7.2,2.07,-0.64,0.88,-1.22,4.71,9.634503152,7.5481518,2.079381869
1977-07-01,112.07,98.849998,195.1835,5.46,60.8,100.2075,0.0683,9.53,7.33,-0.46,1.23E+12,6.9,1.82,-0.59,0.83,0.01,-1.69,2.969756545,2.43180804,0.321408402
1977-08-01,112.18,96.769997,197.4881,5.9,61.1,100.0624,0.0662,9.21,7.4,-0.39,1.24E+12,7,0.89,-2.79,0.96,-0.62,-1.75,10.04044739,5.731788003,3.775565758
1977-09-01,111.87,96.529999,198.9991,6.19,61.3,99.89842,0.066,8.99,7.34,-0.292,1.25E+12,6.8,1.56,-0.49,1.23,-0.84,-0.27,4.627788399,3.578072312,0.307325178
1977-10-01,110.32,92.339996,201.2545,6.67,61.6,99.75446,0.0639,8.7,7.52,-0.185,1.25E+12,6.8,1.5,1.72,-0.3,-0.46,-4.38,12.64484332,9.616579682,4.511216916
1977-11-01,109.4,94.830002,202.9397,6.68,62,99.66217,0.0672,8.71,7.58,-0.1175,1.26E+12,6.8,3.62,0.31,-0.05,0.65,4,8.840723468,9.409898882,0.949080905
1977-12-01,107.74,95.099998,204.6774,6.71,62.3,99.61285,0.067,8.62,7.69,-0.09,1.27E+12,6.4,1.6,-0.37,0.94,-0.65,0.27,3.958329296,4.56899708,0.061893743
1978-01-01,106.63,89.25,207.2931,6.94,62.7,99.58054,0.0684,8.28,7.96,-0.0725,1.28E+12,6.4,2.69,3.31,-1.67,1.53,-6.01,9.709884309,9.290455136,3.618885374
1978-02-01,106.31,87.040001,210.259,6.9,63,99.50205,0.0643,8.16,8.03,-0.025,1.29E+12,6.3,3.67,0.76,0.36,1.04,-1.38,4.488175841,5.210698347,0.081419685
1978-03-01,105.41,89.209999,213.6058,6.86,63.4,99.36709,0.0655,8.13,8.04,0.102,1.29E+12,6.3,3.72,1.2,-0.6,1.88,2.85,8.045975164,6.940412768,2.302212319
1978-04-01,104.81,96.830002,216.9979,7.03,63.9,99.36586,0.065,8.41,8.15,0.29,1.30E+12,6.1,-0.31,-3.54,2.82,-1.35,7.88,6.901315504,5.276372737,1.167148057
1978-05-01,105.94,97.239998,220.4005,7.4,64.5,99.38953,0.0697,8.75,8.35,0.4525,1.31E+12,6,4.56,-0.62,0.27,0.36,1.76,4.571240898,3.048391295,0.358462831
1978-06-01,104.85,95.529999,223.4759,7.83,65,99.35449,0.0741,8.7,8.46,0.554,1.32E+12,5.9,1.59,0.59,-1.44,-0.02,-1.69,4.709091955,3.877566847,0.765087922
1978-07-01,102.12,100.68,226.2258,8.12,65.5,99.32867,0.077,8.57,8.64,0.58,1.32E+12,6.2,0.15,-1.11,1.58,-0.78,5.11,9.681595031,9.112525938,2.522528643
1978-08-01,100.2,103.290001,228.3623,8.06,65.9,99.23201,0.0784,9.07,8.41,0.615,1.33E+12,5.9,4.93,-0.46,1.39,0.42,3.75,3.337362771,3.428674849,0.274044946
1978-09-01,100.48,102.540001,230.5011,8.64,66.5,99.13914,0.0831,8.98,8.42,0.858,1.35E+12,6,-0.28,1.87,-0.68,1.8,-1.43,16.69763764,15.95166905,5.271007728
1978-10-01,98.71,93.150002,232.9249,9.44,67.1,98.91456,0.0893,8.51,8.64,1.355,1.35E+12,5.8,-10.05,1.36,0.17,1.03,-11.91,43.37734218,40.38867667,11.3305575
1978-11-01,100.99,94.699997,235.8062,10.72,67.5,98.53629,0.0889,7.84,8.81,1.7625,1.36E+12,5.9,2.85,-2.22,1.09,-1.21,2.71,11.16328295,6.213863984,0.797426694
1978-12-01,101.51,96.110001,237.2394,10.72,67.9,98.1935,0.0902,7.79,9.01,1.828,1.37E+12,6,1.07,-2.19,1.96,-1.38,0.88,2.783161816,2.614845808,0.104379631
1979-01-01,101.39,99.93,239.757,10.51,68.5,98.1687,0.0928,7.88,9.1,1.505,1.37E+12,5.9,3.84,2.27,-2.5,1.57,4.23,15.96816373,9.932982578,2.411151774
1979-02-01,102.45,96.279999,243.8766,10.19,69.2,98.15371,0.0986,7.57,9.1,1.0775,1.38E+12,5.9,0.55,1.2,-1.14,1.04,-3.56,8.140904862,6.448155572,0.290551994
1979-03-01,102.76,101.589996,247.8933,10.13,69.9,97.96667,0.1009,7.53,9.12,0.698,1.39E+12,5.8,3.16,-0.67,0.62,0.28,5.68,14.05223444,10.1337159,2.679503402
1979-04-01,103.78,101.760002,253.7609,10.06,70.6,97.77473,0.1049,7.55,9.18,0.565,1.40E+12,5.8,2.4,1.05,1.05,0.21,-0.06,4.900012512,3.423041999,0.483506057
1979-05-01,104.84,99.080002,258.7349,10.16,71.4,97.64651,0.1085,7.25,9.25,0.6425,1.41E+12,5.6,0.15,1.32,-1.39,-0.35,-2.21,10.41546847,9.413270583,0.675152187
1979-06-01,105.26,102.910004,263.4815,9.95,72.2,97.46719,0.1089,7.27,8.91,0.892,1.42E+12,5.7,0.99,1.48,-1.61,-0.45,3.85,8.152638726,5.033320556,1.58361903
1979-07-01,103.44,103.809998,267.8631,10.11,73,97.30894,0.1126,7.23,8.95,1.24,1.43E+12,5.7,1.24,1.7,-0.2,0.59,0.82,6.69779023,7.245454637,1.338283176
1979-08-01,104.39,109.32,270.6452,10.71,73.7,97.34499,0.1182,7.45,9.03,1.664,1.45E+12,6,1.97,-1.55,1.58,-1.45,5.53,9.930236756,6.817651951,3.013522262
1979-09-01,104.39,109.32,274.3761,11.89,74.4,97.38471,0.1218,7.42,9.33,2.1125,1.45E+12,5.9,-0.27,-0.87,1.02,0.54,-0.82,10.51805518,9.857360212,2.598118636
1979-10-01,105.59,101.82,276.1506,13.66,75.2,97.31078,0.1207,7.11,10.3,2.4075,1.46E+12,6,-3.46,-1.86,1.04,0.24,-8.1,33.7151969,27.71322207,5.28964568
1979-11-01,107.76,106.160004,277.2382,13.9,76,97.29311,0.1261,7.01,10.65,2.442,1.47E+12,5.9,2.44,-3.25,0.11,-2,5.21,12.35096901,11.00339817,2.725723491
1979-12-01,106.43,107.940002,279.7257,13.43,76.9,97.3322,0.1329,7.25,10.39,2.2525,1.47E+12,6,4.34,-1.98,-0.67,-1.01,1.79,10.41201039,6.356973346,0.728027227
1980-01-01,106.01,114.160004,281.8501,13.39,78,97.41515,0.1391,7.39,10.8,2.21,1.48E+12,6.3,1.9,1.8,-1.67,2.01,5.51,6.58726717,11.79180511,0.118463339
1980-02-01,107.04,113.660004,285.6731,14.3,79,97.21127,0.1418,7.61,12.41,2.642,1.49E+12,6.3,-1.49,0.62,0.11,3.04,-1.22,15.34229667,8.895106465,0.753318108
1980-03-01,110.38,102.089996,289.3844,17.57,80.1,96.68135,0.1476,6.85,12.75,3.4425,1.50E+12,6.3,-6.97,-1.06,1.38,-1.34,-12.9,56.26845412,53.56581936,4.00571554
1980-04-01,110.89,106.290001,290.6018,16.14,80.9,96.27003,0.1473,6.79,11.47,3.79,1.50E+12,6.9,1,1.06,-2.09,0.54,3.97,14.09901235,10.64380485,1.45477395
1980-05-01,106.73,111.239998,287.8784,9.79,81.7,96.23583,0.1441,7.15,10.18,3.204,1.51E+12,7.5,2.1,0.39,0.31,-0.47,5.26,20.8108854,11.75635623,0.947535095
1980-06-01,104.8,114.239998,287.0378,8.49,82.5,96.624,0.1438,7.67,9.78,2.0175,1.53E+12,7.6,1.47,-0.89,-0.09,-0.95,3.06,15.9933425,15.58916549,1.45100474
1980-07-01,103.96,121.669998,288.0583,8.65,82.6,97.18541,0.1313,8.07,10.25,1.1125,1.55E+12,7.8,3.93,-6.3,3.94,-2.46,6.49,16.91217497,17.53994216,1.13514757
1980-08-01,105.04,122.379997,291.4491,9.91,83.2,97.79594,0.1287,8.38,11.1,0.79,1.56E+12,7.7,4.26,-2.64,2.1,-0.8,1.8,8.327861047,4.161456804,0.148729494
1980-09-01,103.57,125.459999,294.7925,11.29,83.9,98.31046,0.126,8.64,11.51,1.08,1.57E+12,7.5,0.58,-4.79,2.03,-2.81,2.19,10.12607678,13.69067955,0.281317288
1980-10-01,103.88,127.470001,299.9573,12.94,84.7,98.52915,0.1277,8.86,11.75,1.74,1.58E+12,7.5,2.33,-2.74,1.67,-1.22,1.06,13.3776814,11.573695,1.340212657
1980-11-01,105.9,140.520004,307.3743,15.68,85.6,98.42139,0.1265,9.19,12.68,2.57,1.60E+12,7.5,-3.4,-8.35,4.53,-5.74,9.59,11.3351628,4.121965658,0.131533869
1980-12-01,107.06,135.759995,312.0383,18.65,86.4,98.05699,0.1252,9.01,12.84,3.075,1.60E+12,7.2,-0.31,2.68,-1.25,1.18,-4.52,25.3701843,21.14898946,3.759803458
1981-01-01,105.39,129.550003,312.4522,17.19,87.2,97.91017,0.1183,9.02,12.57,2.944,1.61E+12,7.5,3.37,6.84,-3.54,4.35,-5.04,18.68012524,18.04311695,3.40631067
1981-02-01,108.39,131.270004,313.117,16.14,88,97.81634,0.1141,8.76,13.19,2.34,1.62E+12,7.4,-0.49,0.97,0.19,2.25,0.57,11.57548309,10.2183375,1.063757714
1981-03-01,108.58,136,314.3933,14.43,88.6,97.91499,0.1049,9.14,13.12,1.92,1.64E+12,7.4,3.08,0.67,-2.34,-0.53,3.56,14.7485799,8.054260367,1.54192203
1981-04-01,109.99,132.809998,318.5024,15.08,89.1,98.22441,0.1,9.13,13.68,1.9375,1.66E+12,7.2,4.6,2.26,0.82,1.2,-2.11,10.62395536,6.218221752,0.798643418
1981-05-01,113,132.589996,324.08,18.27,89.7,98.49682,0.0978,8.86,14.1,2.436,1.66E+12,7.5,2.45,-0.43,0.33,-1.6,0.11,4.281190175,3.484254952,0.141926731
1981-06-01,115.04,131.210007,328.1726,16.9,90.5,98.58969,0.0955,8.81,13.47,3.0575,1.67E+12,7.5,-0.97,5.13,-1.35,2.68,-2.36,10.74313332,8.640077332,2.122096568
1981-07-01,118.07,130.919998,331.8571,17.76,91.5,98.64326,0.1076,8.55,14.28,3.4,1.68E+12,7.2,-1.97,-0.66,1.08,-3.04,-1.54,9.233972038,6.771509784,1.644898362
1981-08-01,120.17,122.790001,336.523,17.96,92.2,98.61852,0.108,8.54,14.94,3.35,1.69E+12,7.4,-1.81,4.84,-0.25,1.46,-7.04,18.63888488,10.11602584,3.143536029
1981-09-01,117.73,116.18,338.1155,16.84,93.1,98.35896,0.1095,7.75,15.32,3.11,1.71E+12,7.6,-2.49,5.2,-0.02,2.79,-7.17,15.32456412,14.26482558,1.923365214
1981-10-01,116.36,121.889999,341.1989,15.39,93.4,97.97297,0.1014,7.83,15.15,2.808,1.72E+12,7.9,2.24,-4.21,3.29,-2.76,4.92,17.23191959,8.475738577,1.309924193
1981-11-01,114.23,126.349998,345.5088,12.48,93.8,97.62044,0.0959,8.02,13.39,2.4775,1.74E+12,8.3,-1.38,1.9,0.1,0.63,3.36,10.92354573,5.625654192,0.849780514
1981-12-01,113.96,122.550003,350.3077,12.49,94.1,97.57561,0.0892,8.06,13.72,2.1675,1.76E+12,8.5,1.19,0.74,0.19,2.41,-3.65,13.85098398,7.508369569,0.940196358
1982-01-01,114.84,120.400002,354.8455,13.51,94.4,97.6798,0.0839,7.73,14.59,1.972,1.77E+12,8.6,-1.18,3.17,-1.52,2.08,-3.24,9.181989661,2.928364998,0.039845318
1982-02-01,119.01,113.110001,360.7137,15,94.7,97.59379,0.0762,7.64,14.43,1.98,1.77E+12,8.9,0.37,6.1,-3.38,4.57,-5.86,7.913115567,6.352340288,1.309529385
1982-03-01,122.56,111.959999,363.9746,14.21,94.7,97.46671,0.0678,7.48,13.86,2.07,1.79E+12,9,0,3.78,-1.44,2.37,-1.87,11.2104727,5.575129312,0.118249916
1982-04-01,123.12,116.440002,371.0565,14.44,95,97.50282,0.0651,7.97,13.87,2.192,1.80E+12,9.3,1.15,-2.78,1.51,-0.15,3.27,11.01795145,7.742327697,1.162458045
1982-05-01,121.03,111.879997,375.9823,13.8,95.9,97.5695,0.0668,8.09,13.62,2.4175,1.82E+12,9.4,0.56,1.81,0.91,-0.09,-3.99,9.972783277,6.083155443,1.733385463
1982-06-01,126.66,109.610001,380.5642,14.46,97,97.56481,0.0706,7.74,14.3,2.69,1.83E+12,9.6,-0.51,1.54,0.03,2.72,-3.09,9.14336953,2.632560818,0.311339101
1982-07-01,128.08,107.089996,384.0437,13.44,97.5,97.5817,0.0644,7.83,13.95,2.906,1.83E+12,9.8,0.95,0.15,1.03,1.54,-3.19,8.386531712,4.119152367,0.38279304
1982-08-01,131.7,119.510002,385.8593,10.61,97.7,97.70492,0.0585,7.97,13.06,3.0675,1.85E+12,9.8,-4.29,1.16,-1.96,0.18,11.14,31.41530581,19.74979195,0.767880721
1982-09-01,130.09,120.419998,391.0385,10.66,97.7,97.95958,0.0504,9.03,12.34,3.075,1.86E+12,10.1,2.57,0.34,2.12,-0.04,1.29,4.738444488,3.912009301,0.032464273
1982-10-01,131.29,133.720001,392.3917,9.51,98.1,98.1879,0.0514,10.01,10.91,2.458,1.87E+12,10.4,1.92,-3.68,0.3,-0.37,11.3,20.23208212,12.92989467,0.86722309
1982-11-01,130.79,138.529999,391.9751,8.95,98,98.24454,0.0459,10.67,10.55,1.465,1.88E+12,10.8,4.53,-1.96,-1.05,0.32,4.67,8.788098966,10.43186679,0.140896064
1982-12-01,128.44,140.639999,392.0419,8.66,97.7,98.24126,0.0383,11.03,10.54,0.732,1.91E+12,10.8,-0.01,0.01,-0.07,1.03,0.55,13.95299386,10.17456559,0.645943829
1983-01-01,128.89,145.300003,393.1864,8.36,97.9,98.34029,0.0371,11.48,10.46,0.29,1.96E+12,10.4,3.28,-0.86,-1.5,-0.46,3.6,8.358499856,6.079460666,0.328126321
1983-02-01,129.49,148.059998,393.3556,8.54,98,98.7346,0.0349,11.75,10.72,0.0875,2.00E+12,10.4,2.9,0.67,-0.57,1.02,2.59,34.44595236,30.4494797,3.308618424
1983-03-01,129.22,152.960007,393.8048,8.69,98.1,99.37579,0.036,12.23,10.51,0,2.02E+12,10.3,1.42,2.07,-0.07,2.81,2.82,12.68243175,7.852197435,0.083505147
1983-04-01,129.53,164.429993,392.4259,8.63,98.8,100.0643,0.039,12.64,10.4,-0.072,2.03E+12,10.2,0.49,0.6,-0.16,1.6,6.67,16.99344123,5.670822942,0.534345125
1983-05-01,129.1,162.389999,391.4906,8.49,99.2,100.5235,0.0355,13.09,10.38,-0.1675,2.04E+12,10.1,6.22,-1.4,-1.85,-1.53,0.52,4.179902566,3.083501992,0.028964451
1983-06-01,130.89,167.639999,393.8395,9.2,99.4,100.6691,0.0258,13.22,10.85,-0.1975,2.05E+12,10.1,1.15,-3.87,2.52,-0.89,3.07,9.019947894,6.838148631,1.184814684
1983-07-01,131.42,162.559998,397.7945,9.5,99.8,100.6338,0.0246,13.02,11.38,-0.148,2.06E+12,9.4,0.98,5.62,-0.03,2.84,-4.07,11.13953791,10.4562421,2.043819393
1983-08-01,133.08,164.399994,401.5866,9.77,100.1,100.4956,0.0256,12.43,11.85,-0.095,2.07E+12,9.5,-4.34,5.55,0.45,1.95,-0.5,10.91846342,7.173753603,2.39900367
1983-09-01,132.62,166.070007,402.529,9.39,100.4,100.3818,0.0286,12.57,11.65,-0.048,2.08E+12,9.2,0.25,1.09,1.21,0.59,0.91,10.54900392,7.538071241,0.917991319
1983-10-01,130.11,163.550003,405.7486,9.18,100.8,100.3884,0.0285,12.38,11.54,0.02,2.10E+12,8.8,-3.82,5.06,-0.81,2.97,-3.44,9.536447004,7.258899744,1.370490433
1983-11-01,131.3,166.399994,409.6174,9.36,101.1,100.5781,0.0327,11.98,11.69,0.0825,2.11E+12,8.5,1.88,-0.62,-0.48,0.64,2.16,7.732648365,6.437233376,0.69451076
1983-12-01,132.59,164.929993,413.9404,9.69,101.4,100.9047,0.0379,11.72,11.83,0.056,2.12E+12,8.3,-0.47,1.67,1.59,1.21,-1.78,11.97983332,7.710241241,1.623008964
1984-01-01,133.36,163.410004,415.6054,9.42,102.1,101.231,0.0419,11.52,11.67,-0.075,2.14E+12,8,-0.07,7.63,-0.93,3,-1.92,8.455164202,3.582661868,0.057946068
1984-02-01,131.66,157.059998,423.5808,9.54,102.6,101.36,0.046,10.59,11.84,-0.1775,2.16E+12,7.8,-1.62,3.36,0.82,1.57,-4.82,19.17172969,14.05945347,4.675959439
1984-03-01,129.29,159.179993,430.9463,10.08,102.9,101.3891,0.048,10.31,12.32,-0.114,2.18E+12,7.8,-0.28,0.48,-0.93,1.09,0.63,2.427164098,1.867353179,0.132485912
1984-04-01,130.21,160.050003,437.8374,10.41,103.3,101.2695,0.0456,10.12,12.63,0.2025,2.19E+12,7.7,-1.01,1.29,3.27,0.76,-0.51,6.665882433,4.378045314,0.194914137
1984-05-01,132.71,150.550003,446.3183,11.11,103.5,101.1929,0.0423,9.86,13.41,0.6225,2.20E+12,7.4,0.08,0.26,2.32,-0.5,-5.97,13.2940413,7.305843367,2.881722092
1984-06-01,133.52,153.179993,450.9723,11.34,103.7,101.1454,0.0422,9.45,13.56,0.99,2.22E+12,7.2,0.07,-2.6,3.08,-1.51,1.82,8.338297682,5.221126341,0.269751734
1984-07-01,137.26,150.660004,455.8009,11.56,104.1,101.2149,0.042,9.26,13.36,1.0325,2.22E+12,7.5,-2.22,0.49,3.69,-2.17,-2.74,9.045908881,5.995648359,1.802254094
1984-08-01,137.68,166.679993,458.7925,11.47,104.4,101.3387,0.0429,10,12.72,0.77,2.23E+12,7.5,-0.3,-1.85,-0.89,-0.81,10.28,23.7680832,7.292092118,1.92051177
1984-09-01,140.13,166.100006,461.9148,11.29,104.7,101.3608,0.0427,10.03,12.52,0.4575,2.24E+12,7.3,0,5.32,1.4,2.53,-0.8,8.553609925,7.254202804,0.851872057
1984-10-01,141.08,166.089996,466.3545,10.38,105.1,101.1968,0.0426,9.94,12.16,0.205,2.26E+12,7.4,-1.43,0.51,1.17,-1.16,-0.84,1.383798287,1.65666495,0.021051684
1984-11-01,139.31,163.580002,470.9618,9.18,105.3,101.0192,0.0405,10.01,11.57,-0.04,2.28E+12,7.2,-0.98,4.08,0.81,2.08,-1.76,5.001093586,4.845077307,1.031313496
1984-12-01,141.45,167.240005,473.3524,8.6,105.5,100.8908,0.0395,9.89,11.5,-0.2675,2.31E+12,7.3,-0.69,-0.17,1.21,-1.26,1.84,1.603003449,1.613681906,0.033600274
1985-01-01,142.97,179.630005,472.9554,8.14,105.7,100.8729,0.0353,10.36,11.38,-0.4375,2.33E+12,7.3,3.49,-5.43,-0.83,-3.36,7.99,8.672708723,3.623646148,0.525545834
1985-02-01,146.55,181.179993,475.5103,8.69,106.3,100.831,0.0352,10.98,11.51,-0.495,2.35E+12,7.2,1,-0.12,1.26,1.03,1.22,5.437929751,3.921864831,0.113677618
1985-03-01,147.05,180.660004,480.1662,9.02,106.8,100.8101,0.037,10.95,11.86,-0.442,2.37E+12,7.2,-1.48,4.1,1.18,2.94,-0.84,3.831539173,3.477158625,0.31079672
1985-04-01,142.18,179.830002,479.0293,8.49,107,100.8111,0.0369,11.2,11.43,-0.4025,2.38E+12,7.3,-0.1,3.73,1.59,0.71,-0.96,8.223342548,4.193072018,0.113622299
1985-05-01,142.98,189.550003,480.7634,7.92,107.2,100.8121,0.0377,11.65,10.85,-0.438,2.39E+12,7.2,-2.33,-0.86,1.3,-1.39,5.09,4.514967547,1.895749821,0.10652942
1985-06-01,141.76,191.850006,482.2753,7.44,107.5,100.8709,0.0376,12.1,10.16,-0.465,2.41E+12,7.4,0.31,0.4,1.73,-0.59,1.27,3.746812643,2.482728883,0.306077201
1985-07-01,140.1,190.919998,487.0738,7.64,107.7,100.8014,0.0355,12.43,10.31,-0.4175,2.43E+12,7.4,2.89,-1.63,-0.45,-0.31,-0.74,20.91536728,12.09077091,5.251519066
1985-08-01,138.8,188.630005,489.8807,7.81,107.9,100.6563,0.0335,12.26,10.33,-0.306,2.44E+12,7.1,-0.32,2.28,-0.04,1.88,-1.02,4.950017284,2.844584273,0.672554692
1985-09-01,140.33,182.080002,494.4003,7.93,108.1,100.5088,0.0314,12.09,10.37,-0.2325,2.46E+12,7.1,-1.81,1.32,1.16,1.61,-4.54,15.12089197,12.34019396,3.825934689
1985-10-01,134.47,189.820007,493.2065,7.88,108.5,100.413,0.0323,12.39,10.24,-0.255,2.47E+12,7.1,-1.55,0.78,0.92,-1.11,4.02,4.76228593,3.315426886,0.702707114
1985-11-01,134.26,202.169998,497.0855,7.81,109,100.5167,0.0351,13.33,9.78,-0.29,2.48E+12,7,0,-2.87,0.29,-2.33,6.48,6.932134686,5.107258065,1.098902159
1985-12-01,132.7,211.279999,498.913,7.8,109.5,100.7301,0.038,14.19,9.26,-0.29,2.49E+12,7,-0.39,-1.53,0.97,-1.8,3.88,8.838127851,4.756603647,0.266244852
1986-01-01,130.45,211.779999,500.402,7.82,109.9,100.9111,0.0389,14.28,9.19,-0.284,2.50E+12,6.7,1.01,0.53,-2.02,-2.05,0.65,8.216436754,7.291167755,0.133110895
1986-02-01,125.77,226.919998,500.8213,7.69,109.7,100.9973,0.0311,15.08,8.7,-0.255,2.51E+12,7.2,-0.76,-0.94,1.15,-1.39,7.13,13.30578361,9.106196407,4.397006593
1986-03-01,122.84,238.899994,505.3801,7.24,109.1,101.0218,0.0226,16,7.78,-0.23,2.53E+12,7.2,-0.57,-0.44,1.12,0.99,4.88,8.178714054,4.764059169,0.122775637
1986-04-01,121.45,235.520004,507.6289,6.6,108.7,101.0612,0.0159,16.32,7.3,-0.26,2.56E+12,7.1,2.92,-2.85,2.91,0.02,-1.31,21.79190307,14.21734844,4.048340138
1986-05-01,119.4,247.350006,507.915,6.65,109,101.119,0.0149,16.28,7.71,-0.278,2.58E+12,7.2,-1.26,-0.11,2.08,1.11,4.62,4.059005962,4.823726658,0.013402201
1986-06-01,121.4,250.839996,511.2108,6.73,109.4,101.213,0.0177,16.68,7.8,-0.1775,2.61E+12,7.2,-0.87,1.4,1.83,0.87,1.03,8.506475434,6.082085092,0.546666735
1986-07-01,118.47,236.119995,513.0229,6.37,109.5,101.156,0.0158,16.28,7.3,-0.0875,2.63E+12,7,-3.54,4.78,-0.57,0.61,-6.45,26.54929045,20.75161071,6.978607411
1986-08-01,116.89,252.929993,515.0815,5.92,109.6,100.9813,0.0157,16.55,7.17,-0.1,2.65E+12,6.9,-4.36,3.52,-1.74,3.24,6.07,17.58720819,9.006631308,0.818690133
1986-09-01,116.97,231.320007,517.69,5.71,110,100.8145,0.0175,16.05,7.45,-0.1425,2.67E+12,7,1.97,3.19,-0.05,3.62,-8.6,29.98606318,23.3167102,3.790192681
1986-10-01,117.02,243.979996,517.5438,5.69,110.2,100.7254,0.0147,16.12,7.43,-0.202,2.69E+12,7,-2.33,-1.32,0.13,0.89,4.66,16.75963591,6.27840135,0.328160594
1986-11-01,118.59,249.220001,523.8554,5.76,110.4,100.549,0.0128,16.78,7.25,-0.2875,2.70E+12,6.9,-1.88,-0.06,1.12,0.61,1.17,2.627274264,3.15514623,0.046314814
1986-12-01,117.59,242.169998,539.2427,6.04,110.8,100.4009,0.011,17.17,7.11,-0.3275,2.73E+12,6.6,0.07,0.37,0.83,-0.03,-3.27,12.19044756,10.46533427,1.555596144
1987-01-01,113.91,274.079987,548.7846,5.87,111.4,100.3695,0.0146,18.01,7.08,-0.362,2.74E+12,6.6,-1.51,-3.18,0.2,-1.09,12.47,22.03906596,12.5343175,2.386370565
1987-02-01,112.7,284.200012,546.9636,6.1,111.8,100.3989,0.021,18.86,7.25,-0.4125,2.75E+12,6.6,3.41,-5.99,-0.9,-2.76,4.39,16.63909873,6.17722834,1.453974734
1987-03-01,111.88,291.700012,548.33,6.17,112.2,100.4698,0.0303,19.37,7.25,-0.38,2.75E+12,6.6,0.21,1.66,1.36,4.03,1.64,5.906516399,3.834124538,0.144299471
1987-04-01,109.29,288.359985,549.517,6.52,112.7,100.5474,0.0378,19.45,8.02,-0.2175,2.77E+12,6.3,-1.55,-0.33,-0.46,1.22,-2.11,26.97036327,12.31101301,1.511280233
1987-05-01,108.26,290.100006,551.5356,6.99,113,100.5794,0.0386,19.74,8.61,-0.03,2.77E+12,6.3,-0.59,0.13,0.52,1.32,0.11,9.02898678,7.634343471,0.607576235
1987-06-01,109.6,304,554.5093,6.94,113.5,100.6496,0.0365,20.9,8.4,-0.0325,2.77E+12,6.2,-2.29,1.07,1.73,0.83,3.94,19.18735399,15.73660001,2.51840621
1987-07-01,110.86,318.660004,553.435,6.7,113.8,100.7495,0.0393,20.81,8.45,-0.204,2.78E+12,6.1,-1.11,0.66,-0.5,1.56,3.85,11.10687324,7.739196286,0.781533092
1987-08-01,110.55,329.799988,554.1055,6.75,114.3,100.7541,0.0428,21.42,8.76,-0.3325,2.79E+12,6,-0.9,-0.9,2.03,-1.59,3.52,12.138839,10.56246095,2.198939365
1987-09-01,108.67,321.829987,561.3173,7.37,114.7,100.576,0.0436,20.09,9.42,-0.2075,2.80E+12,5.9,0.37,0.28,-0.9,1.89,-2.59,14.37963423,10.46145035,0.710418728
1987-10-01,108.21,251.789993,563.0683,8.02,115,100.2418,0.0453,17.08,9.52,0.144,2.81E+12,6,-8.09,4.23,2.01,2.39,-23.24,198.9525589,132.5972807,3.357366934
1987-11-01,105.14,230.300003,562.5116,7.24,115.4,99.97752,0.0453,14.45,8.86,0.35,2.82E+12,5.8,2.83,3.14,-1.92,0.71,-7.77,15.93004179,12.11564652,0.263516413
1987-12-01,102.63,247.080002,565.1506,7.66,115.6,100.0469,0.0443,13.77,8.99,0.3,2.83E+12,5.7,0.09,-4.49,3.01,-2.36,6.81,32.05801652,19.75341446,0.241954122
1988-01-01,101.62,257.070007,567.0728,6.92,116,100.3001,0.0405,14.02,8.67,0.118,2.85E+12,5.7,-0.54,5.08,-1.12,2.09,4.21,44.05972638,30.57748201,1.766060388
1988-02-01,101.98,267.820007,568.2592,6.6,116.2,100.5319,0.0394,14.16,8.21,-0.06,2.87E+12,5.7,3.32,-1.65,1.56,-0.11,4.75,50.52273489,28.90936335,0.066033109
1988-03-01,100.33,258.890015,571.3814,6.63,116.5,100.6889,0.0393,14.29,8.37,-0.12,2.89E+12,5.7,6.26,0.74,-0.16,1.91,-2.27,54.91632221,30.48494579,0.359567943
1988-04-01,99.23,261.329987,577.3868,6.92,117.2,100.7311,0.039,13.39,8.72,-0.086,2.91E+12,5.4,1.12,1.69,-0.23,1.9,0.56,43.7182566,29.39711999,0.017082606
1988-05-01,99.32,262.160004,583.8101,7.24,117.5,100.8203,0.0389,12.41,9.09,-0.085,2.93E+12,5.6,-2.59,2.3,-0.7,0.38,-0.29,8.358974806,7.000491427,0.369289522
1988-06-01,100.75,273.5,588.9866,7.51,118,100.886,0.0396,12.49,8.92,-0.0925,2.94E+12,5.4,2.19,-1.07,1.42,-3.25,4.79,19.05034242,14.09075739,0.41660485
1988-07-01,103.41,272.019989,593.9404,7.94,118.5,100.9515,0.0413,12.22,9.06,-0.028,2.95E+12,5.4,-0.17,2.27,-0.59,1.45,-1.25,12.97773284,9.969611816,1.261770948
1988-08-01,104.38,261.519989,594.53,8.35,119,101.0564,0.0402,11.78,9.26,-0.0025,2.95E+12,5.6,-0.02,2.03,-0.76,1.74,-3.31,11.31066376,9.168408408,2.540670357
1988-09-01,104.83,271.910004,595.4625,8.23,119.5,101.0417,0.0417,11.79,8.98,-0.07,2.96E+12,5.4,-1.31,-0.68,1.72,-0.48,3.3,12.69677056,8.751337591,0.860312384
1988-10-01,102.27,278.970001,599.0301,8.36,119.9,100.9055,0.0425,12.02,8.8,-0.1425,2.97E+12,5.4,-2.95,1.71,1.4,1.04,1.15,8.563133112,6.089301095,0.119388918
1988-11-01,99.66,273.700012,601.0639,8.78,120.3,100.8068,0.0425,11.57,8.96,-0.1825,2.98E+12,5.3,-1.66,1.24,-0.31,1.6,-2.29,7.853226596,6.870484113,1.205452643
1988-12-01,99.14,277.720001,604.6499,9.25,120.7,100.8327,0.0442,11.64,9.11,-0.19,2.99E+12,5.3,2.01,-1.55,0.64,-0.37,1.49,10.03936597,9.939934031,0.08890113
1989-01-01,100.99,297.470001,606.2767,9.2,121.2,100.9692,0.0467,11.82,9.09,-0.165,2.99E+12,5.4,-2.23,0.51,-1.03,0.16,6.1,10.10462002,6.867443351,1.479934262
1989-02-01,101.49,288.859985,617.0985,9.51,121.6,100.9496,0.0483,11.97,9.17,-0.09,2.99E+12,5.2,2.67,0.87,-0.82,1.89,-2.25,8.852827919,7.780193998,2.006721079
1989-03-01,102.66,294.869995,616.4861,10.09,122.2,100.8094,0.0498,11.73,9.36,0.05,3.00E+12,5,0.76,0.46,0.01,0.79,1.57,5.896318286,2.484633595,0.03135864
1989-04-01,102.71,309.640015,619.0408,9.94,123.1,100.6176,0.0512,12.07,9.18,0.1125,3.01E+12,5.2,-0.7,-1.45,0.76,-0.54,4.33,7.888516426,6.195568133,1.613539851
1989-05-01,105.13,320.519989,624.2977,9.59,123.7,100.4902,0.0536,12.49,8.86,0.05,3.01E+12,5.2,-0.01,-0.82,0.49,-0.04,3.35,6.794029607,3.947711534,0.372174416
1989-06-01,107.14,317.980011,624.2628,9.2,124.1,100.459,0.0517,12.84,8.28,-0.014,3.03E+12,5.3,-1.08,2.19,0.24,1.52,-1.35,7.130314731,6.714936945,2.259207988
1989-07-01,104.88,346.079987,631.012,8.76,124.5,100.5065,0.0498,13.43,8.02,-0.045,3.05E+12,5.2,-4.04,-2.84,1.99,-0.62,7.2,9.313500031,7.737222188,2.55211178
1989-08-01,105.3,351.450012,635.2465,8.64,124.5,100.5858,0.0471,14.32,8.11,-0.0525,3.07E+12,5.2,0.43,0.72,0.41,-0.5,1.44,14.34408441,7.699529136,1.687539194
1989-09-01,106.34,349.149994,637.1702,8.78,124.8,100.7343,0.0434,14.66,8.19,0.012,3.09E+12,5.3,0.46,-1.34,1.4,0.59,-0.76,6.90432067,5.89325612,2.166207743
1989-10-01,104.49,340.359985,639.3488,8.6,125.4,100.7176,0.0449,14.84,8.01,0.04,3.11E+12,5.3,-3.33,-1.03,0,0.02,-3.67,28.25990649,24.48330457,3.11142938
1989-11-01,104.88,345.98999,639.6847,8.39,125.9,100.5963,0.0466,14.7,7.87,-0.055,3.13E+12,5.4,-1.3,-1.12,-0.91,1.47,1.03,5.771743028,5.455665326,0.302391566
1989-12-01,103.41,353.399994,637.6136,8.32,126.3,100.5239,0.0465,15.24,7.84,-0.146,3.15E+12,5.4,-2.3,0.28,-0.1,1.45,1.16,6.417730538,4.956187548,0.674509774
1990-01-01,102.89,329.079987,635.7513,8.16,127.5,100.5213,0.052,15.13,8.21,-0.125,3.17E+12,5.4,-1.33,0.87,-1.13,1.32,-7.85,15.47325074,10.85606177,2.962466958
1990-02-01,103.03,331.890015,636.5333,8.22,128,100.5037,0.0526,14.97,8.47,-0.1025,3.18E+12,5.3,1.18,0.61,-0.19,-0.64,1.11,5.278896957,4.797424357,0.288754629
1990-03-01,104.94,339.940002,638.3617,8.35,128.6,100.571,0.0523,15.62,8.59,-0.11,3.19E+12,5.2,1.64,-2.9,2.15,-1.02,1.83,9.204560595,9.338327005,1.080686722
1990-04-01,104.67,330.799988,640.8468,8.42,128.9,100.6223,0.0471,15.7,8.79,-0.12,3.20E+12,5.4,-0.4,-2.55,1.72,-0.98,-3.36,18.37610011,12.31361488,6.426831316
1990-05-01,103.25,361.230011,639.748,8.35,129.1,100.4955,0.0436,16.37,8.76,-0.17,3.20E+12,5.4,-2.4,-3.74,1.65,-1.57,8.42,11.72512054,5.70656486,2.182868267
1990-06-01,103.84,358.019989,641.5256,8.23,129.9,100.2166,0.0467,16.95,8.48,-0.232,3.21E+12,5.2,1.38,-1.94,-1,-0.34,-1.09,7.484382302,5.053074594,1.047032198
1990-07-01,101.75,356.149994,639.9032,8.1,130.5,99.74546,0.0482,16.81,8.47,-0.185,3.22E+12,5.5,-3.27,-0.01,-0.27,3.1,-1.9,9.813098931,9.209419691,2.20745204
1990-08-01,100.09,322.559998,640.3669,7.97,131.6,98.98956,0.0562,15.33,8.75,-0.046,3.24E+12,5.7,-3.85,1.58,-0.43,2.99,-10.15,40.10031497,33.27449132,2.996247916
1990-09-01,98.94,306.049988,639.4663,8.06,132.5,98.26338,0.0616,14.51,8.89,0.1625,3.25E+12,5.9,-3.78,0.73,-0.16,3.71,-6.12,13.18874252,6.246231269,0.98675632
1990-10-01,96.44,304,637.5261,8.06,133.4,97.68299,0.0629,14.21,8.72,0.2925,3.26E+12,5.9,-5.07,0.22,2.87,-0.49,-1.92,11.95254381,6.777618737,0.835951154
1990-11-01,95.85,322.220001,639.1911,8.03,133.7,97.47689,0.0627,14.68,8.39,0.276,3.26E+12,6.2,-0.06,-3.16,0.82,-4.75,6.35,8.99755188,4.000533594,0.596134696
1990-12-01,96.82,330.220001,641.5816,7.82,134.2,97.53954,0.0611,15.41,8.08,0.325,3.27E+12,6.3,0.61,-1.54,2.86,-2,2.46,12.24357165,10.42381824,0.71376232
1991-01-01,96.35,343.929993,636.1393,7.17,134.7,97.87981,0.0565,15.35,8.09,0.345,3.29E+12,6.4,3.86,-1.84,1.55,-4.08,4.69,13.18140371,9.444622145,0.563024511
1991-02-01,94.93,367.070007,635.9709,6.52,134.8,98.50058,0.0531,17.19,7.85,0.145,3.30E+12,6.6,3.96,-0.54,-0.27,-0.16,7.19,26.54837287,9.636621794,1.764812554
1991-03-01,98.55,375.220001,635.2905,6.45,134.8,99.20847,0.049,17.78,8.11,-0.092,3.32E+12,6.8,3.82,-1.23,-0.39,-0.99,2.65,11.45244885,5.480983781,0.227944688
1991-04-01,99.75,375.339996,631.2578,6.06,135.1,99.40841,0.0489,18.58,8.04,-0.2075,3.33E+12,6.7,0.33,1.42,0.53,0.71,-0.28,7.802287285,7.60171404,1.075540355
1991-05-01,100.01,389.829987,627.7257,5.91,135.6,99.39175,0.0495,18.98,8.07,-0.274,3.34E+12,6.9,0.17,-0.57,2.11,-2.45,3.65,6.120447409,5.936847374,0.82207628
1991-06-01,101.67,371.160004,626.3727,6.07,136,99.45558,0.047,19.49,8.28,-0.305,3.35E+12,6.9,0.17,1.21,1.75,0.63,-4.94,15.26430726,10.18581832,2.517899729
1991-07-01,101.33,387.809998,623.2139,5.98,136.2,99.5156,0.0445,20.14,8.27,-0.3775,3.36E+12,6.8,-0.96,-1.25,1.61,-1.41,4.24,10.20960754,8.944954005,0.457305101
1991-08-01,100.28,395.429993,618.3842,5.65,136.6,99.48068,0.038,21.22,7.9,-0.482,3.36E+12,6.9,1.44,-0.78,0.88,-0.55,2.32,4.151819779,4.153622564,0.284073222
1991-09-01,99.17,387.859985,620.5537,5.47,137,99.28517,0.0339,21.73,7.65,-0.49,3.35E+12,6.9,1.55,-1,-1.81,0.16,-1.59,7.151139656,4.915852225,0.334073256
1991-10-01,97.98,392.450012,620.9634,5.33,137.2,98.81995,0.0292,22.49,7.53,-0.4825,3.36E+12,7,0.95,-0.43,-1.73,-0.29,1.29,6.481521504,4.304309437,0.508712051
1991-11-01,96.4,375.220001,618.4219,4.94,137.8,98.24335,0.0299,23.27,7.42,-0.514,3.37E+12,7,-0.87,-1.93,1.08,0.12,-4.19,10.96949257,9.677316407,1.454075252
1991-12-01,95.5,417.089996,618.3865,4.47,138.2,97.90409,0.0306,24.33,7.09,-0.505,3.37E+12,7.3,-2.42,-4.03,3.58,-3.12,10.84,14.98856579,9.897413115,0.84545306
1992-01-01,95.05,408.779999,613.6034,4.05,138.3,97.85648,0.026,25.93,7.03,-0.498,3.38E+12,7.3,9.26,4.51,-1.33,3.15,-0.59,10.96972975,8.6487314,2.049365104
1992-02-01,96.7,412.700012,609.7552,4.07,138.6,98.09582,0.0282,25.6,7.34,-0.545,3.40E+12,7.4,1.35,6.37,0.09,2.04,1.09,5.769959698,5.331855427,0.533388321
1992-03-01,98.83,403.690002,607.378,4.25,139.1,98.52525,0.0319,25.16,7.54,-0.575,3.40E+12,7.4,-0.9,3.65,-0.08,1.93,-2.66,13.86204306,11.65853437,3.666389805
1992-04-01,98.1,414.950012,604.3826,4,139.4,98.86639,0.0318,24.73,7.48,-0.61,3.40E+12,7.4,-5.73,4.31,1.71,2.22,1.07,8.379182056,8.208139153,0.632545469
1992-05-01,97,415.350006,602.1923,3.82,139.7,99.06062,0.0302,24.75,7.39,-0.684,3.40E+12,7.6,0.21,1.28,-0.96,0.43,0.3,14.45166881,9.787946519,0.964038105
1992-06-01,95.63,408.140015,601.0555,3.86,140.1,99.06634,0.0309,23.95,7.26,-0.72,3.39E+12,7.8,-2.71,3.4,-0.03,1.07,-2.34,8.930397889,6.632827846,1.365135415
1992-07-01,94.11,424.209991,599.2603,3.37,140.5,98.89555,0.0316,23.88,6.84,-0.7,3.39E+12,7.7,-0.61,-0.53,1.57,-0.72,3.77,9.239699509,6.108762612,1.153216129
1992-08-01,93.74,414.029999,597.2617,3.31,140.8,98.74657,0.0315,23.6,6.59,-0.6725,3.40E+12,7.6,-0.42,-1.03,3.79,-1.62,-2.38,12.16909497,11.82323282,3.786760422
1992-09-01,93.92,417.799988,598.4086,3.13,141.1,98.73632,0.0299,23.2,6.42,-0.6,3.41E+12,7.6,0.48,-0.21,1.53,-0.5,1.19,3.238388542,3.357416256,0.145754955
1992-10-01,96.02,418.679993,596.8512,3.26,141.7,98.99174,0.032,22.43,6.59,-0.53,3.42E+12,7.3,2.02,-2.1,1.31,-0.8,1.02,6.652174953,5.087353084,1.499729531
1992-11-01,99.33,431.350006,596.8943,3.58,142.1,99.60226,0.0305,22.56,6.87,-0.575,3.43E+12,7.4,3.91,-1.48,-0.84,-1.91,4.13,3.613873825,3.557183224,0.4999359
1992-12-01,99.34,435.709991,596.4952,3.48,142.3,100.0991,0.029,22.82,6.77,-0.6675,3.42E+12,7.4,1.64,2.52,-0.44,0.75,1.53,5.902269908,4.301666714,1.381355644
1993-01-01,100.36,438.779999,595.5013,3.19,142.8,100.2291,0.0326,22.5,6.6,-0.714,3.42E+12,7.3,2.09,5.87,-1.77,2.78,0.93,4.337130959,5.838420504,0.150716069
1993-02-01,100.27,443.380005,593.5352,3.12,143.1,100.1156,0.0325,22.55,6.26,-0.72,3.41E+12,7.1,-3.42,6.42,-0.5,4.05,0.12,14.24232783,15.04868948,0.56523132
1993-03-01,99.35,451.670013,591.2711,3.11,143.3,99.93261,0.0309,22.69,5.98,-0.7225,3.41E+12,7,0.05,1.22,-0.29,0.92,2.3,2.429040809,2.270317786,0.068800609
1993-04-01,97.28,440.190002,585.6328,3.09,143.8,99.70606,0.0323,22.53,5.97,-0.742,3.41E+12,7.1,-0.86,2.61,-3.69,1.52,-3.05,11.80597996,11.39528214,2.727755588
1993-05-01,97.13,450.190002,587.9659,3.1,144.2,99.41667,0.0322,22.83,6.04,-0.7675,3.44E+12,7.1,1.88,-3.41,-0.01,-1.18,2.89,3.897169234,3.772631117,0.199909211
1993-06-01,97.43,450.529999,590.2314,3.21,144.3,99.19163,0.03,23.18,5.96,-0.8125,3.44E+12,7,0.11,2.62,-1.06,1.09,0.31,3.246813396,2.690674466,0.159797152
1993-07-01,98.53,448.130005,587.9064,3.16,144.5,98.98254,0.0278,22.72,5.81,-0.876,3.44E+12,6.9,0.9,3.25,-2.18,2.03,-0.34,3.610018502,4.224733024,0.13449464
1993-08-01,98.37,463.559998,587.7151,3.14,144.8,98.92893,0.0277,22.65,5.68,-0.8825,3.45E+12,6.8,0.25,-0.45,-1.15,-0.04,3.71,11.84468311,10.39387756,1.077486498
1993-09-01,97.87,458.929993,585.4285,3.12,145,99.04818,0.0269,22.5,5.36,-0.855,3.45E+12,6.7,3.06,-0.44,0.77,-0.08,-0.12,10.63032841,12.49557023,1.956659943
1993-10-01,98.82,467.829987,583.9102,3.24,145.6,99.32369,0.0275,22.19,5.33,-0.818,3.46E+12,6.8,1.61,-1.54,-0.1,0.6,1.41,3.252082388,2.567684347,0.266804002
1993-11-01,99.8,461.790009,584.0116,3.35,146,99.65491,0.0268,21.63,5.72,-0.79,3.47E+12,6.6,-1.43,-0.27,1.55,-0.95,-1.89,13.69036487,8.881244641,3.282190124
1993-12-01,100.12,466.450012,583.7006,3.26,146.3,100.1356,0.0275,21.29,5.77,-0.818,3.47E+12,6.5,1.36,0.57,0.7,-0.32,1.65,7.405045453,2.851412667,0.746927415
1994-01-01,100.39,481.609985,587.4533,3.15,146.3,100.5494,0.0252,21.34,5.75,-0.855,3.47E+12,6.6,-0.14,2.09,-2.29,1.44,2.87,2.563733795,1.557279183,0.185301902
1994-02-01,99.82,467.140015,588.0675,3.43,146.7,100.6973,0.0252,21.02,5.97,-0.815,3.48E+12,6.6,2.65,-1.45,2.45,-1.03,-2.55,16.69092607,10.93303367,2.46214246
1994-03-01,100.05,445.769989,594.7906,3.77,147.1,100.6867,0.0251,20.42,6.48,-0.7325,3.48E+12,6.5,-1.02,1.29,0.77,1.27,-4.78,14.46681032,13.14127893,3.681416619
1994-04-01,100.02,450.910004,600.482,4.01,147.2,100.6575,0.0236,19,6.97,-0.678,3.48E+12,6.4,-1.05,1.68,1.01,1.12,0.68,17.50631698,16.18526213,1.132834019
1994-05-01,99.25,456.5,604.7574,4.51,147.5,100.5961,0.0229,18.5,7.18,-0.67,3.49E+12,6.1,-2.46,0.2,0.9,0.7,0.58,3.151683151,2.584484085,0.110852642
1994-06-01,99.01,444.269989,609.0287,4.52,147.9,100.4916,0.0249,18.05,7.1,-0.665,3.48E+12,6.1,-0.52,1.69,1.16,1.53,-3.03,7.802694078,7.064356357,1.928059233
1994-07-01,97.44,458.26001,616.5011,4.73,148.4,100.4203,0.0277,17.42,7.3,-0.69,3.49E+12,6.1,-1.83,0.62,-0.89,0.11,2.82,15.19500009,8.798262955,2.980343951
1994-08-01,97.49,475.48999,622.1065,4.81,149,100.4655,0.029,17.44,7.24,-0.725,3.49E+12,6,1.29,-2.81,0.87,-1.45,4.01,16.89155864,8.600260329,4.352411984
1994-09-01,96.55,462.709991,624.9601,5.03,149.3,100.535,0.0296,17.09,7.46,-0.7,3.49E+12,5.9,2.67,-1.91,0.6,0.93,-2.31,4.824360862,3.57356557,0.833670692
1994-10-01,95.75,472.350006,631.5933,5.51,149.4,100.6275,0.0261,16.32,7.74,-0.6475,3.48E+12,5.8,-2.3,-1.74,0.58,-0.62,1.34,6.094173694,4.634619267,0.707049773
1994-11-01,96.28,453.690002,638.3762,5.79,149.8,100.7398,0.0267,15.62,7.96,-0.58,3.49E+12,5.6,0.11,-0.94,0.81,-0.44,-4.04,11.09866487,8.62143709,1.990695484
1994-12-01,99.05,459.269989,643.8196,6.29,150.1,100.9133,0.0267,14.88,7.81,-0.508,3.49E+12,5.5,-0.02,0.54,0.42,0.31,0.86,5.023209513,2.44693277,0.100414612
1995-01-01,102,470.420013,654.3496,6.24,150.5,100.994,0.028,14.89,7.78,-0.53,3.49E+12,5.6,-2.76,0.81,0.61,-0.83,1.8,7.101207262,5.885921911,0.373406529
1995-02-01,101,487.390015,666.5968,6.16,150.9,100.8633,0.0286,15.11,7.47,-0.5875,3.49E+12,5.4,-0.55,1.09,0.58,-0.33,3.63,9.288477301,3.864408731,0.834133192
1995-03-01,99.21,500.709991,673.5363,6.15,151.2,100.646,0.0285,15.15,7.2,-0.624,3.49E+12,5.4,-0.72,-1.1,-0.33,0.16,2.19,8.305915241,2.753922134,0.860564313
1995-04-01,94.77,514.710022,677.5508,6.11,151.8,100.5518,0.0305,15.31,7.06,-0.6625,3.50E+12,5.8,-0.34,2.27,0.05,1,2.11,3.200233111,2.65252986,0.387410058
1995-05-01,94.41,533.400024,686.1913,6.02,152.1,100.5394,0.0319,15.5,6.63,-0.6775,3.52E+12,5.6,-2.06,1.72,0.46,0.09,2.9,6.211526066,4.730126628,0.189325171
1995-06-01,94.61,544.75,690.6364,5.9,152.4,100.6642,0.0304,15.67,6.17,-0.642,3.55E+12,5.6,2.95,-2.28,-0.48,-2.44,2.72,4.093965307,4.087884182,0.474947303
1995-07-01,94.62,562.059998,698.5433,5.77,152.6,100.7795,0.0276,16.07,6.28,-0.625,3.57E+12,5.7,2.1,-1.67,0.45,-1.7,3.72,12.76185379,12.8868662,0.103646391
1995-08-01,97.44,561.880005,702.8166,5.77,152.9,100.7462,0.0262,16.01,6.49,-0.6475,3.59E+12,5.7,1.83,2.71,-1.36,1.64,0.55,9.125180939,8.056518576,2.461795875
1995-09-01,98.89,584.409973,706.0401,5.73,153.1,100.5132,0.0254,16.45,6.2,-0.646,3.60E+12,5.6,-1.88,-0.75,1.33,0.36,3.35,3.703753144,3.067639036,0.364702578
1995-10-01,98.87,581.5,706.3058,5.79,153.5,100.3593,0.0281,16.76,6.04,-0.655,3.61E+12,5.5,-4.05,-0.74,2.14,-0.03,-1.52,12.46884278,11.43986435,4.96950756
1995-11-01,100.25,605.369995,712.602,5.74,153.7,100.2828,0.0261,17.33,5.93,-0.7025,3.62E+12,5.6,-1.17,0.95,-0.83,1.19,3.96,4.37813636,1.998883775,0.066500896
1995-12-01,100.54,615.929993,715.101,5.62,153.9,100.3064,0.0254,18.1,5.71,-0.69,3.63E+12,5.6,0.67,0.87,-1.33,2.99,1.03,8.920343672,6.905935729,0.327341335
1996-01-01,101.28,636.02002,721.8064,5.39,154.7,100.3224,0.0273,18.08,5.65,-0.6775,3.65E+12,5.6,-2.59,0.3,-0.64,2.28,2.26,6.918450478,8.547494582,0.551729079
1996-02-01,101.33,640.429993,724.1624,5.15,155,100.3923,0.0265,19.1,5.81,-0.7075,3.66E+12,5.5,1.82,-1.42,0.4,-1.8,1.33,10.3738566,7.396290623,2.398472528
1996-03-01,101.37,645.5,727.3544,5.29,155.5,100.5346,0.0284,19.01,6.27,-0.666,3.69E+12,5.5,1.54,1.01,1.3,-0.97,0.73,12.50930539,11.00723276,1.757863328
1996-04-01,101.28,654.169983,732.0978,5.36,156.1,100.5628,0.029,18.85,6.51,-0.6225,3.70E+12,5.6,4.64,-3.91,0.18,-2.2,2.06,4.872743177,3.742299961,0.528868775
1996-05-01,101.4,669.119995,736.4802,5.36,156.4,100.5425,0.0289,19.1,6.74,-0.656,3.71E+12,5.6,3.17,-1.2,0.42,-0.22,2.36,5.335952783,5.022601519,0.067178469
1996-06-01,101.79,670.630005,741.4411,5.46,156.7,100.6486,0.0275,19.15,6.91,-0.6575,3.72E+12,5.3,-3.47,1.56,3.46,1.09,-1.14,18.30033558,14.19259198,6.385798836
1996-07-01,101.81,639.950012,745.0297,5.53,157,100.8045,0.0295,18.26,6.87,-0.6525,3.74E+12,5.5,-3.68,4.45,2.83,2.6,-5.97,30.27898,19.65258716,3.874649053
1996-08-01,101.01,651.98999,747.8097,5.4,157.2,100.922,0.0288,18.6,6.64,-0.684,3.74E+12,5.1,2.55,-0.46,-0.29,-2.42,2.77,7.732755908,5.177567928,0.703469807
1996-09-01,101.55,687.330017,758.5401,5.51,157.7,101.0107,0.03,18.75,6.83,-0.685,3.75E+12,5.2,-1.33,-3.15,1.51,-2.18,5.01,11.05286863,6.538196578,1.11580542
1996-10-01,102.22,705.27002,765.9695,5.41,158.2,101.1301,0.0299,19,6.53,-0.69,3.77E+12,5.2,-3.88,5.12,1.32,2.98,0.86,9.937064071,6.788479769,0.555037066
1996-11-01,101.62,757.02002,772.0507,5.38,158.7,101.2317,0.0326,19.45,6.2,-0.704,3.79E+12,5.4,-3.79,1.16,1.99,-0.73,6.25,5.894209429,3.358639859,0.569805947
1996-12-01,102.36,740.73999,778.6296,5.44,159.1,101.2466,0.0332,19.19,6.3,-0.6525,3.81E+12,5.4,3.21,0.89,0.56,1.51,-1.7,9.832046876,8.959602522,1.369714205
1997-01-01,103.5,786.159973,782.3754,5.43,159.4,101.2962,0.0304,19.53,6.58,-0.626,3.82E+12,5.3,-1.82,-1.65,1.3,-0.28,4.98,3.509830419,2.628554082,0.205434687
1997-02-01,105.68,790.820007,789.1724,5.37,159.7,101.4114,0.0303,20.09,6.42,-0.665,3.84E+12,5.2,-2.53,5.2,0.69,3.41,-0.49,11.46867973,12.01995243,2.629471935
1997-03-01,106.83,757.119995,795.6489,5.53,159.8,101.5411,0.0276,19.69,6.69,-0.675,3.85E+12,5.2,-0.48,3.81,0.36,1.67,-5.02,24.7684322,22.41820337,5.934950076
1997-04-01,107.2,801.340027,803.9259,5.71,159.9,101.7022,0.025,18.94,6.89,-0.6475,3.87E+12,5.1,-5.73,-0.07,3.26,-0.89,4.04,8.875725118,8.903421121,0.196488734
1997-05-01,105.31,848.280029,809.3642,5.7,159.9,101.8841,0.0223,20.6,6.71,-0.638,3.88E+12,4.9,4.65,-3.87,-0.97,-2.91,6.74,13.83086265,5.193202601,1.005012536
1997-06-01,104.84,885.140015,813.4025,5.66,160.2,102.0498,0.023,21.61,6.49,-0.655,3.90E+12,5,1.26,1.23,1.01,0.54,4.1,4.243231509,2.729171138,0.141590625
1997-07-01,105.55,954.309998,816.5222,5.6,160.4,102.1614,0.0223,22.8,6.22,-0.6675,3.91E+12,4.9,-2.84,0.82,-0.24,-2.56,7.33,9.113272791,7.792817195,2.110231699
1997-08-01,107.3,899.469971,822.4889,5.6,160.8,102.164,0.0223,22.83,6.3,-0.648,3.95E+12,4.8,7.66,1.38,-0.93,-0.02,-4.15,13.21036657,12.75127886,3.080007333
1997-09-01,106.98,947.280029,829.9354,5.6,161.2,102.1746,0.0215,23.06,6.21,-0.625,3.96E+12,4.9,2.56,0.01,-1.39,-0.92,5.35,10.07300493,3.980675677,0.631369279
1997-10-01,107,914.619995,833.904,5.65,161.5,102.1679,0.0208,23.58,6.03,-0.578,3.98E+12,4.7,-0.51,1.95,1.09,1.87,-3.8,39.12255574,33.85018415,3.594110649
1997-11-01,109.06,955.400024,839.8929,5.74,161.7,102.1499,0.0183,23.46,5.88,-0.5075,4.00E+12,4.6,-5.03,0.79,3.07,1.66,2.98,6.88317175,6.012865357,0.730207005
1997-12-01,112.21,970.429993,845.1077,5.8,161.8,102.119,0.017,24.23,5.81,-0.52,4.02E+12,4.7,-2.01,3.45,1.19,1.92,1.32,8.443955053,5.457313935,0.588817301
1998-01-01,114.1,980.280029,855.619,5.54,162,102.2681,0.0157,24.29,5.54,-0.57,4.05E+12,4.6,-1.41,-1.45,0.46,-0.85,0.15,18.39052752,13.89675525,4.67075249
1998-02-01,113,1049.339966,862.3198,5.54,162,102.4276,0.0144,25.85,5.57,-0.615,4.08E+12,4.6,-0.02,-0.13,-0.86,-2.4,7.04,17.49938503,10.86181964,1.152485402
1998-03-01,112.72,1101.75,866.1427,5.58,162,102.435,0.0137,27.23,5.65,-0.645,4.10E+12,4.7,-0.65,1.05,-1.02,-0.47,4.76,11.99039474,6.36257209,1.176053122
1998-04-01,112.79,1111.75,864.4014,5.58,162.2,102.414,0.0144,28.26,5.64,-0.6375,4.13E+12,4.3,-0.02,0.74,-2.13,-0.23,0.73,10.55390692,9.404131988,2.028020546
1998-05-01,113.48,1090.819946,876.0346,5.59,162.6,102.3173,0.0169,28.3,5.65,-0.614,4.15E+12,4.4,-3.11,4.16,0.96,2.54,-3.07,12.74579159,10.78059048,3.396441804
1998-06-01,115.73,1133.839966,891.1377,5.6,162.8,102.201,0.0168,28.44,5.5,-0.5975,4.17E+12,4.5,-3.68,-2.33,-0.52,-2.93,3.18,5.511250622,4.551322724,0.457965032
1998-07-01,116.06,1120.670044,897.6642,5.59,163.2,102.068,0.0168,29.9,5.46,-0.594,4.19E+12,4.5,-5.32,-0.96,1.82,0.45,-2.46,17.85114438,13.01781954,3.534038413
1998-08-01,118.57,957.280029,903.9492,5.58,163.4,101.8801,0.0162,28,5.34,-0.49,4.22E+12,4.5,-5.02,3.4,3.47,5.85,-16.08,45.59186478,36.33305069,4.551823438
1998-09-01,116.36,1017.01001,912.37,5.41,163.5,101.645,0.0149,26.8,4.81,-0.265,4.26E+12,4.6,-0.84,-3.31,-1.51,-2.91,6.15,16.89230474,11.66589348,3.082595459
1998-10-01,112.44,1098.670044,931.3388,5.21,163.9,101.512,0.0149,27.2,4.53,-0.1,4.30E+12,4.5,-3.51,-2.21,0.59,0.28,7.13,12.61731168,11.20378157,0.08551551
1998-11-01,112.32,1163.630005,942.2447,5.24,164.1,101.6033,0.0155,30.25,4.83,-0.165,4.34E+12,4.4,0.64,-3.15,-1.24,-1.15,6.1,7.167622564,4.388428981,0.307142811
1998-12-01,111,1229.22998,939.1835,5.14,164.4,101.743,0.0161,31.56,4.65,-0.245,4.37E+12,4.4,-1.51,-4.46,-0.75,-3.33,6.16,6.793851774,4.996137737,0.234611956
1999-01-01,110.58,1279.640015,937.8281,4.89,164.7,101.977,0.0167,32.92,4.72,-0.284,4.39E+12,4.3,-0.75,-4.03,-2.69,-6.86,3.5,19.73691575,13.90552192,2.558563336
1999-02-01,111.44,1238.329956,935.9157,4.9,164.7,102.1804,0.0161,32.67,5,-0.3675,4.42E+12,4.4,-5.15,1.4,-1.71,4.09,-4.08,20.70615222,18.81720703,2.391281921
1999-03-01,112.96,1286.369995,944.4636,4.91,164.8,102.2149,0.0173,33.39,5.23,-0.425,4.42E+12,4.2,-4.29,-2.65,-4.2,-1.39,3.45,10.05318016,10.03180583,0.371364785
1999-04-01,112.55,1335.180054,947.2554,4.88,165.9,102.2102,0.0228,34,5.18,-0.454,4.45E+12,4.3,4.66,2.53,-2.42,0.92,4.33,23.38576778,15.16638114,0.69476398
1999-05-01,112.22,1301.839966,942.4213,4.92,166,102.2528,0.0209,33.19,5.54,-0.45,4.47E+12,4.2,3.73,2.4,1.09,3.36,-2.46,22.54134338,21.90060673,2.399354996
1999-06-01,112.91,1372.709961,949.7795,5.13,166,102.2636,0.0196,32.24,5.9,-0.415,4.50E+12,4.3,2.25,-3.6,1.32,-3.37,4.77,30.26078469,29.39322031,1.48057435
1999-07-01,113.26,1328.719971,958.5182,5.24,166.7,102.2094,0.0214,32.88,5.79,-0.342,4.52E+12,4.3,2.53,-0.76,0.48,3.11,-3.49,23.88185072,16.63737725,4.296350944
1999-08-01,111.37,1320.410034,969.0891,5.41,167.1,102.1492,0.0226,30.89,5.94,-0.2675,4.54E+12,4.2,-1.93,-1.31,-0.29,0.31,-1.38,11.09193081,8.203619439,1.538253057
1999-09-01,110.3,1282.709961,975.1578,5.5,167.8,102.1392,0.0263,29.99,5.92,-0.2375,4.56E+12,4.2,2.56,-3.4,-0.74,-1.06,-2.79,11.8486126,10.10135458,1.588156034
1999-10-01,109.77,1362.930054,978.2401,6.13,168.1,102.1191,0.0256,28.66,6.11,-0.244,4.58E+12,4.1,-7.09,-2.88,-1.71,-1.25,6.12,22.90248767,10.71856778,0.699733501
1999-11-01,110.13,1388.910034,1000.2929,6,168.4,102.2342,0.0262,29.74,6.03,-0.3025,4.60E+12,4.1,5.9,-6.51,-3.85,-1.58,3.37,12.81876918,7.925288182,0.713290271
1999-12-01,110.13,1469.25,1001.049,6.05,168.8,102.3941,0.0268,29.66,6.28,-0.33,4.63E+12,4,5.42,-8.74,-7.91,-5.29,7.72,15.38821797,10.65403741,1.839993651
2000-01-01,110.16,1394.459961,1003.6327,5.95,169.3,102.6183,0.0274,29.04,6.66,-0.3425,4.66E+12,4,4.15,-0.29,-6.05,4.73,-4.74,25.13473122,25.3783387,0.930765738
2000-02-01,112.1,1366.420044,1016.5879,6.01,170,102.6697,0.0322,27.76,6.52,-0.3425,4.67E+12,4.1,18.32,-9.93,-18.33,-0.51,2.45,12.61300097,7.920734376,0.264436987
2000-03-01,112.64,1498.579956,1026.3008,6.14,171,102.5911,0.0376,28.31,6.26,-0.262,4.70E+12,4,-14.91,7.38,11.68,-1.05,5.2,30.25775084,24.23227619,0.608990375
2000-04-01,113.14,1452.430054,1035.2,6.28,170.9,102.5731,0.0307,28.5,5.99,-0.205,4.76E+12,3.8,-5.55,8.61,7.55,5.27,-6.4,28.74684921,44.73841892,0.791275756
2000-05-01,116.02,1420.599976,1052.0774,6.71,171.2,102.5485,0.0319,27.49,6.44,-0.215,4.74E+12,4,-3.68,2.56,4.63,0.74,-4.42,12.82515628,13.96990513,0.830637855
2000-06-01,114.74,1454.599976,1062.814,6.73,172.2,102.4523,0.0373,28.16,6.1,-0.21,4.76E+12,4,10.39,-9.86,-6.83,-3.07,4.64,8.152996249,8.552334774,0.455128971
2000-07-01,114.83,1430.829956,1068.5859,6.67,172.7,102.4198,0.0366,28.05,6.05,-0.25,4.78E+12,4,-0.95,8.06,6,2.99,-2.51,16.11783504,13.76167792,1.722208481
2000-08-01,115.65,1517.680054,1071.6751,6.61,172.7,102.3859,0.0341,27.97,5.83,-0.32,4.81E+12,4.1,-1.1,-0.66,-3.07,0.61,7.03,14.35173151,13.04060714,0.547027579
2000-09-01,117.04,1436.51001,1072.9321,6.6,173.6,102.3375,0.0345,27.34,5.8,-0.31,4.84E+12,3.9,0.23,6.13,3.08,6.43,-5.45,6.189510296,6.869368861,0.154467315
2000-10-01,118.99,1429.400024,1077.9229,6.67,173.9,102.2315,0.0345,26.5,5.74,-0.2775,4.86E+12,3.9,-2.83,5.64,9.66,4.68,-2.76,13.41929956,7.231779363,0.296879593
2000-11-01,119.66,1314.949951,1080.4672,6.65,174.2,101.9861,0.0345,26.9,5.72,-0.2725,4.87E+12,3.9,-0.46,11.26,13.33,8.51,-10.72,5.36614943,5.295753442,0.294653483
2000-12-01,118.18,1320.280029,1085.2815,6.45,174.6,101.471,0.0339,26.62,5.24,-0.2,4.91E+12,3.9,3.17,7.37,1.85,5.67,1.19,15.14696967,12.70895818,0.384835468
2001-01-01,118.88,1366.01001,1094.094,5.62,175.6,100.9605,0.0373,27.55,5.16,-0.21,4.96E+12,4.2,5.8,-4.86,-4.44,-6.55,3.13,26.85509703,23.1633984,3.580815669
2001-02-01,119.97,1239.939941,1094.2947,5.26,176,100.5875,0.0353,27.81,5.1,-0.305,5.00E+12,4.2,2.67,12.87,9,9.56,-10.05,3.807352939,4.620571627,0.038225829
2001-03-01,121.98,1160.329956,1092.0526,4.89,176.1,100.4264,0.0292,26.1,4.89,-0.284,5.06E+12,4.3,2.32,6.46,3.41,3.93,-7.26,17.42389486,9.914920352,0.896367455
2001-04-01,122.62,1249.459961,1089.1756,4.53,176.4,100.3942,0.0327,27.96,5.14,-0.2875,5.12E+12,4.4,-0.63,-4.72,-2.72,-3.95,7.94,10.43121093,14.83464206,0.241591355
2001-05-01,122.2,1255.819946,1084.1821,4.02,177.3,100.5141,0.0362,32.02,5.39,-0.3975,5.12E+12,4.3,3.58,3.18,0.18,2.18,0.72,19.14568495,19.29544706,1.714777325
2001-06-01,123.09,1224.380005,1072.0719,3.74,177.7,100.5912,0.0325,33.67,5.28,-0.43,5.16E+12,4.5,6.61,-1.03,2.03,-1.8,-1.94,23.8308091,21.80285074,1.987446045
2001-07-01,123.44,1211.22998,1063.9768,3.66,177.4,100.5073,0.0272,35.46,5.24,-0.4275,5.19E+12,4.6,-2.91,5.57,7.16,3.01,-2.13,8.298659166,8.860849792,0.385692166
2001-08-01,121.01,1133.579956,1055.8506,3.48,177.4,100.213,0.0272,37.85,4.97,-0.426,5.23E+12,4.9,2.73,2.51,3.95,6.5,-6.46,11.52158541,12.05134534,0.278458243
2001-09-01,121.43,1040.939941,1059.2482,2.87,178.1,99.78907,0.0265,36.9,4.73,-0.28,5.34E+12,5,-5.69,1.6,4.96,3.27,-9.25,30.73494579,16.9484631,0.800706587
2001-10-01,121.73,1059.780029,1044.5531,2.31,177.6,99.63621,0.0213,39.72,4.57,-0.235,5.32E+12,5.3,5.42,-8.1,-2.66,-4.64,2.46,13.12929611,12.26148122,1.260908472
2001-11-01,122.77,1139.449951,1034.0188,2.03,177.5,99.78038,0.019,43.62,4.65,-0.308,5.37E+12,5.5,-0.3,2.01,-3.76,-1.66,7.54,14.25863391,12.00550269,1.2370687
2001-12-01,122.51,1148.079956,1021.7983,1.83,177.4,100.1293,0.0155,46.37,5.09,-0.2975,5.42E+12,5.7,5.14,1.1,0.3,-0.29,1.61,12.34185742,12.96021016,0.221083059
2002-01-01,124.27,1130.199951,1012.1268,1.74,177.7,100.4667,0.0114,46.17,5.04,-0.3225,5.44E+12,5.7,1.19,3.33,4.35,2.84,-1.44,6.784799227,5.989776154,0.438177496
2002-02-01,125.05,1106.72998,1016.827,1.82,178,100.6688,0.0114,44.57,4.91,-0.3925,5.47E+12,5.7,-0.46,2.5,7.62,5.12,-2.29,7.937129555,6.620077877,0.585029134
2002-03-01,124.35,1147.390015,1011.8697,1.91,178.5,100.8516,0.0148,46.71,5.28,-0.424,5.48E+12,5.7,4.28,1.1,-1.36,0.61,4.24,9.135891629,7.291049013,0.323983749
2002-04-01,123.92,1076.920044,1000.2754,1.87,179.3,100.903,0.0164,43.81,5.21,-0.4775,5.48E+12,5.9,6.66,3.92,4.57,5.41,-5.2,8.59748456,8.513845337,0.885369116
2002-05-01,121.5,1067.140015,990.9856,1.82,179.5,100.8776,0.0118,41.41,5.16,-0.55,5.51E+12,5.8,-3.07,1.68,2.27,2.42,-1.38,8.878095376,8.606292114,2.318458074
2002-06-01,119.34,989.820007,984.1179,1.81,179.6,100.6329,0.0107,37.92,4.93,-0.4825,5.53E+12,5.8,3.78,0.12,3.62,2.51,-7.21,32.93479989,24.00855227,6.581605694
2002-07-01,117.02,911.619995,976.6672,1.79,180,100.3054,0.0146,32.46,4.65,-0.355,5.58E+12,5.8,-6.24,-3.44,4.19,-0.72,-8.18,60.25328124,48.84766207,2.931508383
2002-08-01,118.5,916.070007,972.462,1.73,180.5,100.0354,0.018,31.53,4.26,-0.302,5.62E+12,5.7,-1.27,2.52,1.15,-1.61,0.5,8.282753795,6.794815389,0.203671735
2002-09-01,119.19,815.280029,966.2924,1.76,180.8,99.79924,0.0151,28.89,3.87,-0.265,5.64E+12,5.7,3.07,1.32,3.24,-2.28,-10.35,16.67745582,13.67481783,1.166105393
2002-10-01,119.94,885.76001,962.8162,1.73,181.2,99.62095,0.0203,29.24,3.94,-0.25,5.69E+12,5.7,-4.12,-5.45,-3.28,0.92,7.84,20.70972225,7.954440617,0.169012066
2002-11-01,118.45,936.309998,960.5241,1.39,181.5,99.63564,0.022,32.03,4.05,-0.324,5.74E+12,5.9,2.9,-1.12,-9.13,5.12,5.96,25.76285758,10.5413462,0.297983259
2002-12-01,117.32,879.820007,957.8306,1.34,181.8,99.63316,0.0238,32.59,4.03,-0.355,5.76E+12,6,0.5,2.23,6.04,-1.59,-5.76,21.62387607,17.31677871,0.668671539
2003-01-01,115.69,855.700012,950.3755,1.29,182.6,99.4588,0.026,31.43,4.05,-0.36,5.79E+12,5.8,0.81,-0.93,-0.63,0.81,-2.57,18.14655205,11.17584732,0.187814814
2003-02-01,116.08,841.150024,941.6423,1.27,183.6,99.30415,0.0298,28.46,3.9,-0.385,5.83E+12,5.9,-0.89,-1.45,1.04,-0.55,-1.88,13.0157384,10.15310363,0.783754552
2003-03-01,115.73,848.179993,937.54,1.23,183.9,99.3854,0.0302,27.92,3.81,-0.4225,5.85E+12,5.9,0.55,-2.08,1.8,-0.69,1.09,13.40195465,12.18301093,0.217585495
2003-04-01,114.83,916.919983,935.1038,1.24,183.2,99.80949,0.0222,28.05,3.96,-0.5125,5.89E+12,6,1.06,1.03,-4.57,1.14,8.22,15.34732655,16.04183892,0.700602677
2003-05-01,109.83,963.590027,924.0931,1.22,182.9,100.2276,0.0206,28.24,3.57,-0.59,5.95E+12,6.1,4.83,-0.29,-6.92,3.22,6.05,21.87280851,12.31668162,2.703958127
2003-06-01,109.7,974.5,917.4002,1.04,183.1,100.3802,0.0211,28.6,3.33,-0.5925,5.98E+12,6.3,1.68,0.68,0.55,-0.33,1.42,4.184859786,5.748340209,0.087790137
2003-07-01,111.2,990.309998,921.4766,1.05,183.7,100.3824,0.0211,27.65,3.98,-0.5975,6.03E+12,6.2,4.73,-1.13,-4.17,1.87,2.35,7.982183679,5.82476092,0.360553984
2003-08-01,113,1008.01001,909.6886,1.08,184.5,100.295,0.0216,26.57,4.45,-0.572,6.09E+12,6.1,2.54,2.03,-2.46,2.2,2.34,6.885864014,6.680017456,0.254817592
2003-09-01,111.63,995.969971,899.8921,1.08,185.1,100.2604,0.0232,26.42,4.27,-0.5625,6.06E+12,6.1,0.52,0.01,1.34,0.31,-1.24,10.25327616,9.489866807,1.917841218
2003-10-01,108.61,1050.709961,886.9382,1.1,184.9,100.4053,0.0204,24.75,4.29,-0.596,6.05E+12,6,2.64,1.77,-1.59,1.55,6.08,4.22708837,3.742475905,0.101993495
2003-11-01,107.9,1058.199951,881.7904,1.11,185,100.6909,0.0177,23.15,4.3,-0.6275,6.06E+12,5.8,2.21,1.85,0.08,1.67,1.35,2.086625752,2.08758291,0.074099568
2003-12-01,105.75,1111.920044,883.6138,1.1,185.5,100.9872,0.0188,22.17,4.27,-0.645,6.05E+12,5.7,-2.69,2.41,0,0.97,4.29,5.64230832,5.641645517,0.244865409
2004-01-01,104.05,1131.130005,876.4184,1.06,186.3,101.2603,0.0193,22.73,4.15,-0.682,6.06E+12,5.7,2.54,1.97,-3.53,3.4,2.15,12.01840814,11.56467231,2.600943676
2004-02-01,104.82,1144.939941,874.578,1.05,186.7,101.1493,0.0169,22.46,4.08,-0.715,6.10E+12,5.6,-0.91,0.5,2.28,-1.34,1.4,1.693162902,2.324211178,0.015859842
2004-03-01,106.5,1126.209961,869.3982,1.05,187.1,100.9852,0.0174,21.61,3.83,-0.72,6.14E+12,5.8,2.11,0.22,1.5,-1.04,-1.32,11.77474623,10.7292225,1.765973317
2004-04-01,107.63,1107.300049,864.5074,1.08,187.4,100.8179,0.0229,21.23,4.35,-0.71,6.18E+12,5.6,-2.19,-2.62,3.31,-2.8,-1.83,8.194900667,5.860316094,0.598175074
2004-05-01,109.87,1120.680054,862.8686,1.2,188.2,100.7413,0.0305,20.14,4.72,-0.675,6.26E+12,5.6,-0.4,-0.39,-0.97,-0.08,1.17,10.00442248,7.232998247,0.923124688
2004-06-01,108.69,1140.839966,869.1784,1.46,188.9,100.8762,0.0327,20.17,4.73,-0.6725,6.26E+12,5.6,2.57,1.39,1.12,-0.41,1.86,5.251008108,5.51009074,0.23294649
2004-07-01,107.65,1101.719971,878.0782,1.57,189.1,100.9851,0.0299,19.51,4.5,-0.674,6.27E+12,5.5,-3.02,4.12,5.08,-1.62,-4.06,26.012753,21.46897066,5.224340048
2004-08-01,107.8,1104.23999,883.0326,1.68,189.2,100.9609,0.0265,19.03,4.28,-0.655,6.30E+12,5.4,-1.27,1.02,1.3,-1.43,0.08,8.658179268,7.435059645,0.564523074
2004-09-01,107.23,1114.579956,886.8249,1.86,189.8,100.8447,0.0254,19.35,4.13,-0.6575,6.33E+12,5.4,3.29,-0.25,-1.34,-1.89,1.6,7.221607395,8.664408709,0.428784431
2004-10-01,105.49,1130.199951,889.2947,2.04,190.8,100.7575,0.0319,19.25,4.1,-0.672,6.36E+12,5.5,0.29,-0.62,-0.07,0.4,1.43,7.346251203,3.510084908,0.298767812
2004-11-01,101.96,1173.819946,897.6319,2.26,191.7,100.8203,0.0352,20.05,4.19,-0.6875,6.39E+12,5.4,4.13,1.8,-1.06,-0.22,4.54,9.058203085,5.686017334,0.390189739
2004-12-01,100.22,1211.920044,906.4231,2.45,191.7,100.953,0.0326,20.48,4.23,-0.7,6.41E+12,5.4,0.01,-0.07,-1.26,0.51,3.43,6.608611393,6.42866771,0.409353859
2005-01-01,101.54,1181.27002,921.4741,2.61,191.6,100.9386,0.0297,19.99,4.22,-0.685,6.41E+12,5.3,-1.11,1.96,3.05,-1.37,-2.76,11.06281471,9.531098945,0.97383708
2005-02-01,102.24,1203.599976,931.8712,2.77,192.4,100.7864,0.0301,20.11,4.17,-0.68,6.42E+12,5.4,-0.3,1.64,1.2,-0.06,1.89,6.88729268,8.661702783,0.115374089
2005-03-01,101.53,1180.589966,945.8578,2.97,193.1,100.5621,0.0315,19.84,4.5,-0.6775,6.43E+12,5.2,-1.4,1.59,0.47,1.11,-1.97,9.697984307,9.130403867,1.619410167
2005-04-01,103.26,1156.849976,958.5723,3.09,193.7,100.3778,0.0351,19.02,4.34,-0.638,6.44E+12,5.2,-4.02,-0.35,0.96,-0.9,-2.61,14.53492701,12.44512911,1.319894421
2005-05-01,103.77,1191.5,968.6685,3.22,193.6,100.4443,0.028,18.93,4.14,-0.585,6.46E+12,5.1,2.72,-0.81,-1.31,0.28,3.65,3.705839767,2.181379489,0.092452772
2005-06-01,105.18,1191.329956,975.0906,3.38,193.7,100.6889,0.0253,19,4,-0.59,6.49E+12,5,3.26,2.63,0.98,-0.53,0.57,8.596073494,6.662207851,0.306407852
2005-07-01,106.26,1234.180054,989.5712,3.57,194.9,100.5974,0.0317,19,4.18,-0.624,6.52E+12,5,2.83,-0.51,-1.19,-0.98,3.92,10.85932402,5.571841693,0.721080432
2005-08-01,105.08,1220.329956,995.8821,3.77,196.1,100.0193,0.0364,18.72,4.26,-0.615,6.56E+12,4.9,-0.86,1.27,-2.23,0.45,-1.22,5.751685905,6.346235018,0.224347788
2005-09-01,105.72,1228.810059,1000.9519,3.87,198.8,99.31667,0.0469,18.44,4.2,-0.596,6.59E+12,5,-0.31,0.76,0.49,-0.56,0.49,5.143533709,6.506875016,0.182468551
2005-10-01,107.47,1207.01001,1014.4711,4.13,199.1,99.08862,0.0435,17.64,4.46,-0.6025,6.62E+12,5,-1.41,0.23,-0.58,-1.26,-2.02,29.0433271,34.00694207,1.576849032
2005-11-01,107.83,1249.47998,1022.6131,4.31,198.1,99.46654,0.0346,18.01,4.54,-0.61,6.64E+12,5,0.8,-1.19,-0.6,-1.19,3.61,5.883009234,4.291168286,0.170285033
2005-12-01,106.3,1248.290039,1036.1708,4.45,198.1,100.0304,0.0342,18.07,4.47,-0.61,6.67E+12,4.9,-0.27,0.44,0.12,0.24,-0.25,5.566217167,5.975129036,0.12934266
2006-01-01,105.27,1280.079956,1048.8537,4.56,199.3,100.2849,0.0399,18.07,4.42,-0.6175,6.71E+12,4.7,5.77,1.12,-0.94,-0.54,3.04,9.405613414,8.291878393,0.410566113
2006-02-01,105.94,1280.660034,1058.5098,4.72,199.4,100.2373,0.036,17.8,4.57,-0.6325,6.73E+12,4.8,-0.45,-0.25,-0.7,2,-0.3,13.31570181,13.89749188,1.312153675
2006-03-01,106.52,1294.869995,1068.7226,4.88,199.7,100.1089,0.0336,17.8,4.72,-0.656,6.75E+12,4.7,3.45,0.6,-0.04,-0.5,1.46,5.771203382,2.697873807,0.146777379
2006-04-01,106.14,1310.609985,1084.9874,5.03,200.7,99.86298,0.0355,17.77,4.99,-0.68,6.79E+12,4.7,-0.83,2.6,1.15,-0.25,0.73,3.672578412,3.053233202,0.161388023
2006-05-01,103.28,1270.089966,1103.2076,5.15,201.3,99.58736,0.0417,17.46,5.11,-0.665,6.79E+12,4.6,-2.99,2.55,0.96,1.34,-3.57,14.90446296,16.94142837,1.575183027
2006-06-01,104.99,1270.199951,1118.8054,5.35,201.8,99.56707,0.0432,16.82,5.11,-0.622,6.83E+12,4.6,-0.23,0.88,1.38,-0.11,-0.35,13.490087,19.13390546,0.421598369
2006-07-01,104.99,1276.660034,1130.5394,5.46,202.9,99.60241,0.0415,16.61,5.09,-0.62,6.87E+12,4.7,-3.69,2.94,1.54,0.93,-0.78,15.56746181,10.02554707,0.463490508
2006-08-01,104.18,1303.819946,1152.2971,5.38,203.8,99.69845,0.0382,16.67,4.88,-0.6375,6.90E+12,4.7,0.44,-1.71,-1.74,2.15,2.03,8.615896918,4.109554953,0.416302289
2006-09-01,104.08,1335.849976,1151.2124,5.34,202.8,100.0066,0.0206,16.77,4.72,-0.64,6.93E+12,4.5,-1.43,0.05,0.88,0.53,1.84,11.15689308,7.853387515,1.357753642
2006-10-01,104.21,1377.939941,1161.3249,5.33,201.9,100.417,0.0131,17.14,4.73,-0.6575,6.98E+12,4.4,1.93,-0.04,-0.22,0.26,3.23,4.945358986,3.242604641,0.171989716
2006-11-01,103.02,1400.630005,1169.981,5.32,202,100.6427,0.0197,17.24,4.6,-0.6775,7.01E+12,4.5,0.81,0.07,0.09,-0.88,1.71,1.984262371,2.175240309,0.049993928
2006-12-01,101.97,1418.300049,1182.5976,5.32,203.1,100.7555,0.0254,17.38,4.56,-0.664,7.06E+12,4.4,-0.8,3.15,-0.8,2.05,0.87,6.282410064,4.781312814,0.176417711
2007-01-01,104.15,1438.23999,1192.5042,5.32,203.437,100.7868,0.0208,17.36,4.76,-0.69,7.10E+12,4.6,0.08,-0.11,0.22,0.24,1.4,2.884093867,2.311656082,0.165135258
2007-02-01,104.23,1406.819946,1205.107,5.31,204.226,100.5688,0.0242,17.49,4.72,-0.7125,7.11E+12,4.5,1.4,-0.09,-0.47,-0.74,-1.96,19.34046714,16.90640202,2.233198257
2007-03-01,104.04,1420.859985,1215.8211,5.3,205.288,100.3032,0.0278,16.92,4.56,-0.67,7.15E+12,4.4,0.07,-0.22,0.25,-0.59,0.68,8.663275248,10.13097011,0.273919051
2007-04-01,102.78,1482.369995,1226.4713,5.31,205.904,100.1331,0.0257,17.48,4.69,-0.6475,7.22E+12,4.5,-2.02,-1.15,1.02,1.01,3.49,10.49308595,6.48426046,0.449375587
2007-05-01,102.47,1530.619995,1244.4636,5.31,206.755,100.0742,0.0269,17.92,4.75,-0.6575,7.23E+12,4.4,0.28,-0.04,1.13,-1.29,3.24,2.862100421,3.091101825,0.051784844
2007-06-01,102.47,1503.349976,1263.8716,5.33,207.234,100.0344,0.0269,17.83,5.1,-0.634,7.26E+12,4.6,0.76,-1.12,0.53,0.07,-1.96,9.534783466,7.6190216,0.88839665
2007-07-01,100.99,1455.27002,1281.6461,5.32,207.603,100.0118,0.0236,18.36,5,-0.4875,7.29E+12,4.7,-2.87,-3.33,0.57,-1.04,-3.73,14.10325654,8.549890879,1.319769008
2007-08-01,100.99,1473.98999,1307.6494,5.49,207.667,99.78791,0.0197,18.02,4.67,-0.16,7.37E+12,4.6,-0.34,-2.24,-0.91,-0.56,0.92,30.18921164,32.77716059,0.536068833
2007-09-01,99.35,1526.75,1350.0489,5.46,208.547,99.53862,0.0276,19.05,4.52,-0.055,7.39E+12,4.7,-2.41,-1.86,-0.58,-3.17,3.22,9.664714897,9.022222171,1.317877993
2007-10-01,96.92,1549.380005,1374.7984,5.08,209.19,99.25085,0.0354,20.68,4.53,-0.16,7.40E+12,4.7,0.03,-2.6,-0.31,-0.1,1.8,4.857334724,6.047115687,0.103984195
2007-11-01,95.38,1481.140015,1393.7223,4.97,210.834,98.97158,0.0431,20.81,4.15,0.016,7.43E+12,4.7,-2.81,-1.18,1.88,-0.34,-4.83,21.82490677,24.36232237,0.657479811
2007-12-01,96.54,1468.359985,1417.714,5.02,211.445,98.80727,0.0408,22.35,4.1,0.245,7.46E+12,5,0.18,-0.51,0.7,-1.09,-0.87,5.29980967,5.223283388,0.1741127
2008-01-01,96.62,1378.550049,1441.0683,3.84,212.174,98.64932,0.0428,21.46,3.74,0.2525,7.49E+12,5,-0.52,3.65,1.98,2.2,-6.36,32.36794582,31.98039759,1.243660023
2008-02-01,95.84,1330.630005,1449.1852,3.06,212.687,98.26922,0.0403,21.74,3.74,0.392,7.58E+12,4.9,-0.53,-0.94,0.76,-1.06,-3.09,6.384284058,5.970148736,0.308695615
2008-03-01,93.65,1322.699951,1470.7794,2.79,213.448,97.81095,0.0398,21.81,3.51,0.6525,7.64E+12,5.1,0.75,-0.14,1.09,0.47,-0.93,23.0111491,30.55669277,0.468479311
2008-04-01,93.58,1385.589966,1490.0786,2.85,213.942,97.2944,0.0394,23.88,3.68,0.5525,7.69E+12,5,-1.15,-0.95,1.28,-2.54,4.6,11.13431419,8.32138197,0.498658391
2008-05-01,94.31,1400.380005,1491.1729,2.66,215.208,96.92352,0.0418,25.81,3.88,0.308,7.70E+12,5.4,3.22,-1.38,0.81,0.04,1.86,18.3709445,18.20248013,0.892117221
2008-06-01,95.19,1280,1498.2093,2.76,217.463,96.80689,0.0502,26.11,4.1,0.3925,7.71E+12,5.6,1.15,-2.42,4.3,-0.42,-8.44,10.78462009,10.78369357,0.597668882
2008-07-01,94.69,1267.380005,1512.0212,2.79,219.016,97.0055,0.056,25.37,4.01,0.49,7.76E+12,5.8,3.66,5.88,-0.98,1.06,-0.77,32.79635696,31.01023948,1.10934651
2008-08-01,97.29,1282.829956,1513.7113,2.79,218.69,97.25711,0.0537,26.83,3.89,0.468,7.78E+12,6.1,3.42,1.52,1.85,0.81,1.53,6.837112196,6.38627769,0.224346749
2008-09-01,99.75,1166.359985,1530.9441,3.59,218.877,97.33147,0.0494,26.48,3.69,1,7.85E+12,6.1,0.35,6.33,2.95,1.77,-9.24,47.67325009,55.47558972,1.300374798
2008-10-01,107.15,968.75,1586.5386,4.32,216.995,96.98637,0.0366,27.22,3.81,1.866,7.95E+12,6.5,-3.2,-2.89,3.6,1.91,-17.23,192.6249686,98.78889104,0.591328108
2008-11-01,108.78,896.23999,1575.5589,2.36,213.153,96.73546,0.0107,34.99,3.53,2.29,8.00E+12,6.8,-3.88,-6.02,4.83,2.72,-7.86,88.71770914,33.56783427,0.053725394
2008-12-01,106.26,903.25,1558.8197,1.77,211.398,96.72816,0.0009,58.98,2.42,2.2575,8.18E+12,7.3,3.37,-0.25,-0.08,-1.4,1.74,13.47082459,6.525383117,0.090548822
2009-01-01,107.98,825.880005,1544.8884,1.02,211.933,96.7352,0.0003,70.91,2.52,1.86,8.26E+12,7.8,-2.01,-11.18,0.23,-1.15,-8.12,58.06350413,30.8306336,0.249986566
2009-02-01,111.57,735.090027,1532.7583,1.16,212.705,96.70974,0.0024,84.46,2.87,1.72,8.29E+12,8.3,-1.17,-7.27,1.71,-1.12,-10.1,44.99728281,35.04711821,0.625857821
2009-03-01,112.21,797.869995,1511.3268,1.07,212.495,96.90719,-0.0038,110.37,2.82,1.695,8.36E+12,8.7,0.67,3.56,-2.33,-2.22,8.95,41.76785336,38.99662062,0.439646612
2009-04-01,108.77,872.809998,1491.5976,0.89,212.709,97.34534,-0.0074,119.85,2.93,1.37,8.36E+12,9,6.71,5.53,0.28,0.14,10.19,94.72642697,64.17373306,0.354204589
2009-05-01,104.79,919.140015,1469.3793,0.57,213.022,97.72237,-0.0128,123.73,3.29,0.986,8.42E+12,9.4,-2.33,-0.23,-0.98,-2.16,5.21,55.17125427,40.92377753,1.543808687
2009-06-01,104.02,919.320007,1436.2865,0.39,214.79,97.87846,-0.0143,123.32,3.72,0.805,8.43E+12,9.5,2.32,-2.72,-1.06,-0.17,0.43,25.81681326,25.57519082,0.942348445
2009-07-01,103.63,987.47998,1395.3137,0.35,214.726,97.83424,-0.021,101.87,3.56,0.592,8.43E+12,9.5,2.44,5.28,-0.66,3.2,7.72,22.23054386,28.3996091,0.649336258
2009-08-01,101.77,1020.619995,1363.5273,0.3,215.445,97.87696,-0.0148,92.95,3.59,0.365,8.43E+12,9.6,-0.05,7.75,-3.02,3.18,3.33,35.77224434,28.4572669,0.041607271
2009-09-01,100.86,1057.079956,1337.6999,0.25,215.861,98.05085,-0.0129,83.3,3.4,0.265,8.43E+12,9.8,2.74,0.93,1.36,0.38,4.08,37.04110872,35.76847562,0.218368348
2009-10-01,99.13,1036.189941,1307.8445,0.24,216.509,98.07983,-0.0018,42.12,3.39,0.192,8.46E+12,10,-4.78,-4.18,4.18,-1.66,-2.59,27.5581716,21.88413226,2.461952695
2009-11-01,98.36,1095.630005,1290.1174,0.21,217.234,98.09354,0.0184,28.51,3.4,0.1425,8.49E+12,9.9,-2.8,-0.17,0.81,0.13,5.56,13.15307568,18.18932311,0.142843153
2009-12-01,98.55,1115.099976,1265.2664,0.22,217.347,98.2638,0.0272,21.78,3.59,0.07,8.48E+12,9.9,6.22,0,0.48,-0.07,2.75,9.716810361,12.7393786,0.117008697
2010-01-01,99.26,1073.869995,1238.7269,0.2,217.488,98.42161,0.0263,20.7,3.73,-0.028,8.45E+12,9.8,0.29,0.3,-1.39,0.46,-3.36,16.57168343,15.23064472,2.114802842
2010-02-01,100.81,1104.48999,1223.6145,0.19,217.281,98.4754,0.0214,18.91,3.69,-0.0725,8.50E+12,9.8,1.46,3.16,-0.33,1.4,3.4,11.29107157,7.00412074,0.036077327
2010-03-01,99.92,1169.430054,1210.116,0.23,217.353,98.47238,0.0231,18.91,3.73,-0.19,8.49E+12,9.9,1.79,2.11,-0.56,1.7,6.31,10.40971053,11.30392038,0.411020844
2010-04-01,99.43,1186.689941,1207.4763,0.3,217.403,98.45244,0.0224,19.01,3.85,-0.254,8.52E+12,9.9,5.04,2.81,1.1,1.69,2,4.482621314,2.764357304,0.138002509
2010-05-01,103.4,1089.410034,1196.7198,0.45,217.29,98.4512,0.0202,17.3,3.42,-0.0525,8.58E+12,9.6,0.06,-2.38,1.37,-0.22,-7.89,46.26749246,44.79084564,2.105191613
2010-06-01,104.25,1030.709961,1190.1019,0.52,217.199,98.35841,0.0105,16.15,3.2,0.05,8.60E+12,9.4,-2.49,-4.5,-0.21,-1.51,-5.56,15.50917925,13.63576072,0.768725691
2010-07-01,102.19,1101.599976,1188.9424,0.41,217.605,98.08073,0.0124,15.72,3.01,-0.06,8.61E+12,9.4,0.09,-0.26,0.24,2.02,6.93,12.53640798,6.368683999,0.328525796
2010-08-01,101.03,1049.329956,1187.8411,0.32,217.923,97.91136,0.0115,15.47,2.7,-0.1,8.66E+12,9.5,-3.1,-1.95,0.72,-1.69,-4.77,13.02845804,10.50301923,0.046540155
2010-09-01,99.92,1141.199951,1185.9536,0.28,218.275,97.86177,0.0114,15.61,2.65,-0.1175,8.69E+12,9.5,3.72,-3.13,-0.21,0.47,9.54,19.39691191,12.00889308,0.975327977
2010-10-01,96.14,1183.26001,1184.9042,0.27,219.035,97.95786,0.0117,15.9,2.54,-0.202,8.74E+12,9.4,0.78,-2.6,1.3,-0.23,3.88,14.32113636,5.560050749,0.099845948
2010-11-01,96.34,1180.550049,1187.0883,0.27,219.59,98.20888,0.0114,15.88,2.76,-0.2225,8.76E+12,9.8,3.6,-0.9,0.24,1.64,0.6,13.39205582,6.907074373,0.503821029
2010-12-01,97.31,1257.640015,1192.4544,0.3,220.472,98.45358,0.015,16.05,3.29,-0.246,8.79E+12,9.3,0.95,3.82,-3.65,3.22,6.82,19.76950934,14.16919694,0.63207221
2011-01-01,96.33,1286.119995,1196.0395,0.29,221.187,98.5592,0.0163,16.3,3.39,-0.32,8.83E+12,9.1,-2.42,0.82,-0.89,0.69,1.99,19.17221068,16.28722999,3.343115017
2011-02-01,95.52,1327.219971,1199.7777,0.28,221.898,98.51135,0.0211,16.52,3.58,-0.3225,8.87E+12,9,1.64,1.1,-1.93,0.95,3.49,9.133602804,6.573321768,0.73829221
2011-03-01,94.65,1325.829956,1206.9258,0.28,223.046,98.27373,0.0268,16.04,3.41,-0.3075,8.92E+12,9,2.67,-1.58,1.64,-0.03,0.45,9.602552411,8.950380767,0.6765382
2011-04-01,93.14,1363.609985,1214.8129,0.23,224.093,98.21675,0.0316,16.21,3.46,-0.36,8.98E+12,9.1,-0.51,-2.52,1.09,-0.84,2.9,8.886782995,6.29139161,0.565621434
2011-05-01,93.36,1345.199951,1228.9047,0.21,224.806,98.20144,0.0357,16.12,3.17,-0.3325,9.03E+12,9,-0.69,-2.08,2.02,-1.5,-1.27,11.09621598,11.44542338,1.388568595
2011-06-01,93.59,1320.640015,1233.6051,0.22,224.806,97.90172,0.0356,15.35,3,-0.3,9.11E+12,9.1,0.11,-0.32,2.38,-1.45,-1.75,17.82056601,16.57154965,2.50842542
2011-07-01,92.94,1292.280029,1244.2791,0.24,225.395,97.33896,0.0363,15.61,3,-0.254,9.30E+12,9,-1.34,-1.21,2.43,-1.76,-2.36,13.02738785,11.51700572,1.609228719
2011-08-01,93.75,1218.890015,1263.3391,0.29,226.106,96.85862,0.0377,13.79,2.3,-0.0125,9.52E+12,9,-3.2,-2.48,3.2,-0.24,-5.99,73.06388713,43.02861531,0.450497377
2011-09-01,97.04,1131.420044,1269.7254,0.33,226.597,96.79309,0.0387,13.5,1.98,0.146,9.54E+12,9,-3.78,-1.41,1.85,0.28,-7.59,22.0906519,12.48650926,0.820801528
2011-10-01,97.94,1253.300049,1280.087,0.37,226.75,97.01907,0.0353,13.88,2.15,0.105,9.57E+12,8.8,3.57,-0.18,-1.87,-0.88,11.35,9.45098216,7.428536945,0.415266418
2011-11-01,98.49,1246.959961,1292.885,0.41,227.169,97.44996,0.0339,14.1,2.01,0.105,9.61E+12,8.6,-0.26,-0.34,1.79,1.53,-0.28,10.90578366,6.200360398,0.07673614
2011-12-01,99.08,1257.599976,1303.8461,0.49,227.223,97.98296,0.0296,14.3,1.98,0.072,9.65E+12,8.5,-0.44,1.77,0.8,2.4,0.74,21.53623357,12.27278268,0.475497267
2012-01-01,99.16,1312.410034,1321.3351,0.4,227.842,98.43735,0.0293,14.87,1.97,-0.1,9.73E+12,8.3,2.16,-1.13,-1.81,-1.4,5.05,39.2583158,16.13453639,1.102396969
2012-02-01,97.27,1365.680054,1344.4506,0.3,228.329,98.69067,0.0287,15.37,1.97,-0.195,9.77E+12,8.3,-1.63,0.08,-0.19,-0.1,4.42,54.9205649,26.86914206,3.967235731
2012-03-01,98.06,1408.469971,1351.0649,0.29,228.807,98.81274,0.0265,15.69,2.17,-0.26,9.82E+12,8.2,-0.45,0.92,-0.33,0.82,3.11,30.37690118,14.95838907,0.89390024
2012-04-01,98.45,1397.910034,1368.4692,0.29,229.187,98.84696,0.023,15.7,2.05,-0.29,9.87E+12,8.2,-0.59,-0.48,1.12,0.67,-0.85,11.95999702,8.69473812,0.642017628
2012-05-01,100.49,1310.329956,1378.9099,0.29,228.713,98.79201,0.017,15.22,1.8,-0.2075,9.90E+12,8.2,-0.09,-0.59,2.28,2.39,-6.19,17.98074836,10.05020997,2.708108915
2012-06-01,101.95,1362.160034,1397.9694,0.32,228.524,98.59077,0.0166,15.05,1.62,-0.166,9.97E+12,8.2,0.95,0.44,-1.24,0.34,3.89,12.23915984,11.63406817,0.104662849
2012-07-01,101.11,1379.319946,1413.7062,0.3,228.59,98.51987,0.0141,15.55,1.53,-0.2425,1.00E+13,8.2,-2.68,-0.27,1.11,0.13,0.79,4.706754754,4.178286423,0.044949056
2012-08-01,100.16,1406.579956,1425.8603,0.26,229.918,98.68707,0.0169,16.14,1.68,-0.302,1.01E+13,8.1,0.44,1.31,-1.26,-0.73,2.55,9.498382648,6.599957323,1.74717317
2012-09-01,98.21,1440.670044,1434.3848,0.24,231.015,98.99838,0.0199,16.69,1.72,-0.375,1.02E+13,7.8,0.66,1.53,-1.38,1.59,2.73,5.120131979,2.005764366,0.219411357
2012-10-01,97.79,1412.160034,1449.236,0.23,231.638,99.22163,0.0216,16.62,1.75,-0.4325,1.03E+13,7.8,-0.81,3.79,-1.39,2.28,-1.76,5.361251694,4.416139624,0.751768231
2012-11-01,98.4,1416.180054,1457.2492,0.23,231.249,99.1366,0.0176,16.12,1.65,-0.44,1.03E+13,7.7,0.36,-0.97,0.68,0.91,0.78,10.11145434,6.786915942,0.884839025
2012-12-01,97.2,1426.189941,1474.4952,0.24,231.221,98.8079,0.0174,16.44,1.72,-0.47,1.04E+13,7.9,1.87,3.58,-1.98,0.86,1.18,3.937842567,4.021566596,0.199942831
2013-01-01,97.94,1498.109985,1484.9719,0.23,231.679,98.68152,0.0159,17.03,1.91,-0.5175,1.05E+13,8,0.56,0.95,-1.64,1.47,5.57,11.64367286,8.435007934,1.684899508
2013-02-01,99.32,1514.680054,1491.4968,0.22,232.937,98.78289,0.0198,17.32,1.98,-0.5225,1.05E+13,7.7,-0.38,0.03,-0.69,0.48,1.29,6.423777346,5.638901667,0.358235084
2013-03-01,100.48,1569.189941,1499.9293,0.21,232.282,98.9471,0.0147,17.68,1.96,-0.532,1.05E+13,7.5,0.83,-0.3,0.17,1.31,4.03,12.12249222,8.325548735,1.798912203
2013-04-01,100.01,1597.569946,1507.2717,0.2,231.797,99.15591,0.0106,17.69,1.76,-0.58,1.06E+13,7.6,-2.3,0.62,0.07,0.47,1.55,11.45011084,12.12407077,0.540094625
2013-05-01,100.97,1630.73999,1510.3513,0.2,231.893,99.48898,0.0136,18.25,1.93,-0.582,1.06E+13,7.5,2.06,2.6,-1.66,-0.78,2.8,14.79250077,7.837642675,1.784869987
2013-06-01,101.58,1606.280029,1521.8073,0.19,232.445,99.66118,0.0175,17.8,2.3,-0.5425,1.07E+13,7.5,1.35,-0.17,-0.44,-0.01,-1.2,19.86719614,14.53519048,1.281848746
2013-07-01,102.31,1685.72998,1531.8474,0.14,232.9,99.62407,0.0196,18.12,2.58,-0.55,1.07E+13,7.3,1.8,0.56,-1.46,0.56,5.65,9.919388447,6.177191275,0.494682568
2013-08-01,101.6,1632.969971,1533.3723,0.12,233.456,99.34755,0.0152,17.91,2.74,-0.556,1.08E+13,7.2,-0.01,-2.78,0.62,-2.16,-2.71,14.67497968,8.724913617,1.563395292
2013-09-01,101.16,1681.550049,1539.9217,0.11,233.544,98.97234,0.0118,17.88,2.81,-0.5625,1.08E+13,7.2,2.67,-1.19,-0.73,-1.32,3.77,3.737960758,2.299070551,0.067277282
2013-10-01,99.73,1756.540039,1549.1465,0.12,233.669,98.74038,0.0096,17.86,2.62,-0.62,1.09E+13,7.2,-1.53,1.14,2.7,0.87,4.18,6.196093834,7.698172121,0.25861853
2013-11-01,100.32,1805.810059,1558.494,0.12,234.1,98.83932,0.0124,18.15,2.72,-0.68,1.10E+13,6.9,1.33,0.24,0.14,0.05,3.12,4.491031119,3.383316758,0.219905126
2013-12-01,100.29,1848.359985,1574.3372,0.14,234.719,99.13837,0.015,18.04,2.9,-0.7025,1.10E+13,6.7,-0.53,-0.31,-0.52,0.07,2.81,2.168652593,1.663301581,0.047000673
2014-01-01,101.95,1782.589966,1586.6217,0.12,235.288,99.30859,0.0158,18.15,2.86,-0.702,1.11E+13,6.6,0.57,-2.09,-3.99,-1.4,-3.32,15.56965108,11.05689004,2.770564618
2014-02-01,101.98,1859.449951,1619.8687,0.13,235.547,99.37762,0.0113,18.06,2.71,-0.72,1.11E+13,6.7,0.15,-0.4,-0.26,-0.41,4.65,11.18119489,11.02614547,0.291389336
2014-03-01,101.69,1872.339966,1634.23,0.12,236.028,99.40939,0.0151,18.48,2.72,-0.74,1.12E+13,6.7,-1.17,5.09,2.16,1.9,0.43,8.904092555,6.790998783,0.962964367
2014-04-01,101.07,1883.949951,1651.0168,0.12,236.468,99.4813,0.0195,18.35,2.71,-0.7375,1.12E+13,6.2,-4.15,1.14,3.48,1.07,-0.19,6.078714798,7.467844866,0.317122609
2014-05-01,100.9,1923.569946,1663.7002,0.11,236.918,99.46788,0.0213,18.46,2.56,-0.74,1.13E+13,6.3,-1.89,-0.27,0.1,-1.08,2.06,4.368294889,5.604326234,0.059626947
2014-06-01,101.29,1960.22998,1676.9407,0.11,237.231,99.44187,0.0207,18.88,2.6,-0.765,1.14E+13,6.1,3.1,-0.74,-1.97,-1.91,2.61,4.978452908,5.124424489,0.223008303
2014-07-01,101.25,1930.670044,1694.979,0.13,237.498,99.43381,0.0199,18.96,2.54,-0.765,1.14E+13,6.2,-4.25,0.01,0.94,0.47,-2.04,11.71874678,8.916003026,2.865835512
2014-08-01,102.34,2003.369995,1712.2083,0.13,237.46,99.52728,0.017,18.68,2.42,-0.74,1.15E+13,6.1,0.29,-0.59,-0.63,-0.7,4.24,11.75299201,7.005463227,2.057507584
2014-09-01,104.17,1972.290039,1725.4866,0.12,237.477,99.72856,0.0166,18.81,2.53,-0.7175,1.15E+13,5.9,-3.79,-1.23,1.13,-0.51,-1.97,7.177302386,6.699417655,2.01438021
2014-10-01,105.59,2018.050049,1729.6508,0.12,237.43,100.0115,0.0166,18.5,2.3,-0.696,1.16E+13,5.7,3.78,-1.7,-0.47,-0.17,2.52,16.97215194,11.06736272,0.018435345
2014-11-01,107.34,2067.560059,1751.3694,0.13,236.983,100.3587,0.0132,19.75,2.33,-0.6975,1.16E+13,5.8,-2.31,-3,1.4,0.18,2.55,15.16855009,5.344281811,1.019269385
2014-12-01,109.58,2058.899902,1773.3445,0.15,236.252,100.7437,0.0076,20.08,2.21,-0.6575,1.17E+13,5.6,2.88,2.06,-1.16,0.88,-0.06,16.11224044,12.56091056,0.936572226
2015-01-01,112.7,1994.98999,1791.2947,0.16,234.747,101.0031,-0.0009,20.02,1.88,-0.586,1.17E+13,5.7,-0.87,-3.48,1.67,-1.67,-3.11,16.91364311,13.21999997,0.7897359
2015-02-01,114.79,2104.5,1807.8646,0.15,235.342,101.0053,-0.0003,20.77,1.98,-0.5875,1.19E+13,5.5,0.21,-1.81,-1.07,-1.75,6.13,11.59195463,6.619716142,1.239302503
2015-03-01,117.54,2067.889893,1834.4825,0.14,235.976,100.9106,-0.0007,20.96,2.04,-0.6425,1.19E+13,5.4,3.04,-0.46,0.1,-0.51,-1.12,21.12484716,8.656797126,1.297138399
2015-04-01,116.97,2085.51001,1847.9465,0.13,236.222,100.8568,-0.002,21.42,1.94,-0.6775,1.19E+13,5.4,-3.03,1.85,-0.15,-0.49,0.59,11.05156451,9.091105711,1.623572373
2015-05-01,115.83,2107.389893,1863.7503,0.15,237.001,100.778,-0.0004,21.92,2.2,-0.666,1.19E+13,5.6,0.77,-1.37,-1.72,-0.74,1.36,8.707072254,13.31469187,0.020110278
2015-06-01,117.07,2063.110107,1880.6752,0.18,237.657,100.7918,0.0012,22.12,2.36,-0.6725,1.20E+13,5.3,2.86,-0.79,0.5,-1.47,-1.53,15.71070421,14.70134886,1.424790777
2015-07-01,119.92,2103.840088,1890.053,0.19,238.034,100.6792,0.0017,22.4,2.32,-0.662,1.20E+13,5.2,-4.55,-4.12,0.04,-2.56,1.54,6.694433255,6.472816597,0.920334171
2015-08-01,121.07,1972.180054,1904.204,0.26,238.033,100.4933,0.002,22.15,2.17,-0.59,1.21E+13,5.1,0.4,2.66,0.76,1.25,-6.04,34.08679124,25.28140991,1.800102343
2015-09-01,121.05,1920.030029,1914.847,0.27,237.498,100.3257,-0.0004,21.45,2.17,-0.545,1.22E+13,5,-2.78,0.53,1.81,-0.51,-3.08,20.58681719,17.77500379,0.425235089
2015-10-01,119.69,2079.360107,1927.7815,0.25,237.733,100.3544,0.0017,22.68,2.07,-0.584,1.22E+13,5,-2.16,-0.07,0.82,0.43,7.75,11.76372428,9.461906945,1.697026593
2015-11-01,122.14,2080.409912,1945.7834,0.3,238.017,100.4687,0.005,23.67,2.26,-0.6025,1.23E+13,5.1,3.35,-0.51,-2.57,-1.1,0.56,5.053543602,3.547067059,0.208982819
2015-12-01,122.69,2043.939941,1952.8852,0.54,237.761,100.564,0.0073,23.74,2.24,-0.5425,1.23E+13,5,-2.99,-2.59,0.31,0.13,-2.17,8.740897833,4.218374702,0.082642727
2016-01-01,126,1940.23999,1963.2389,0.57,237.827,100.5768,0.0137,22.18,2.09,-0.476,1.25E+13,4.9,-3.42,2.08,2.6,3.02,-5.77,8.656050334,5.102191965,0.147965459
2016-02-01,124.48,1932.22998,1986.6858,0.54,237.514,100.5402,0.0102,22.02,1.78,-0.4675,1.25E+13,4.9,0.95,-0.5,3.28,2.05,-0.07,19.00141684,13.52229286,0.625780052
2016-03-01,121.62,2059.73999,2018.708,0.55,237.99,100.5011,0.0085,23.39,1.89,-0.515,1.26E+13,5,1.09,1.16,0.81,-0.02,6.96,16.95880604,8.004933692,0.548051061
2016-04-01,119.56,2065.300049,2034.1273,0.55,238.835,100.5227,0.0113,23.97,1.81,-0.544,1.27E+13,5,1.17,3.26,-2.88,1.97,0.92,14.01717875,13.38801307,0.6881272
2016-05-01,121.25,2096.949951,2049.1419,0.57,239.44,100.6428,0.0102,23.81,1.81,-0.545,1.28E+13,4.8,-0.71,-1.81,-1.01,-2.55,1.78,16.44215244,14.90892701,0.792773908
2016-06-01,121.95,2098.860107,2052.316,0.55,240.144,100.6212,0.01,23.97,1.64,-0.5175,1.28E+13,4.9,0.49,-1.47,1.19,1.92,-0.05,11.90464521,12.74645338,0.647335239
2016-07-01,122.69,2173.600098,2059.2088,0.62,240.111,100.4773,0.0083,24.52,1.5,-0.52,1.29E+13,4.8,2.64,-1.11,1.33,-1.24,3.95,7.745409437,8.833317241,0.062368475
2016-08-01,121.34,2170.949951,2053.0085,0.73,240.595,100.3733,0.0106,24.57,1.56,-0.5575,1.30E+13,4.9,1.72,3.34,-1.33,-0.39,0.5,26.73348966,24.73234326,4.423056767
2016-09-01,122.45,2168.27002,2069.2568,0.75,241.068,100.3545,0.0146,24.22,1.63,-0.532,1.30E+13,5,1.74,-1.49,-2.29,-0.08,0.25,16.56046017,12.07765686,0.299425587
2016-10-01,123.5,2126.149902,2081.6493,0.72,241.641,100.4299,0.0164,23.57,1.76,-0.5375,1.31E+13,4.9,-4.01,4.16,1.19,0.24,-2.02,21.84400506,18.42093892,2.176200018
2016-11-01,126.96,2198.810059,2088.1788,0.71,241.993,100.753,0.0169,23.35,2.14,-0.595,1.32E+13,4.7,6.81,8.29,-0.1,3.7,4.86,8.354614088,5.918206851,0.157011262
2016-12-01,129.35,2238.830078,2082.7886,0.87,242.712,101.0842,0.0207,23.76,2.49,-0.636,1.32E+13,4.7,0.41,3.58,0.99,-0.3,1.82,14.49752482,14.58214623,0.785983186
2017-01-01,130.07,2278.870117,2080.5398,0.9,243.717,101.2296,0.025,23.59,2.43,-0.6575,1.33E+13,4.7,-1.28,-2.78,-0.01,-0.95,1.94,5.225781456,2.933531326,0.209581386
2017-02-01,127.57,2363.639893,2081.1129,0.87,244.028,101.2175,0.0274,23.68,2.42,-0.6775,1.33E+13,4.6,-2.13,-1.79,0.78,-1.72,3.57,16.68187678,6.485452986,2.480695315
2017-03-01,126.22,2362.719971,2065.8543,0.98,243.721,101.1875,0.0238,23.6,2.48,-0.668,1.34E+13,4.4,0.78,-3.17,0.68,-1,0.17,8.029688603,7.113169365,0.86172515
2017-04-01,124.87,2384.199951,2069.9082,1.03,244.058,101.1487,0.022,23.24,2.3,-0.665,1.35E+13,4.4,0.49,-1.87,2,-1.55,1.09,4.67277161,3.313664184,0.413149446
2017-05-01,124.2,2411.800049,2074.4985,1.05,243.926,101.0788,0.0187,23.31,2.3,-0.695,1.35E+13,4.4,-3.05,-3.78,1.21,-1.88,1.06,2.647847642,2.363703765,0.159923958
2017-06-01,122.14,2423.409912,2076.5342,1.16,244.179,100.975,0.0163,23.4,2.19,-0.736,1.36E+13,4.3,2.48,1.35,-2.01,-0.07,0.78,8.124345108,6.87532389,2.882346359
2017-07-01,119.83,2470.300049,2079.9233,1.22,244.328,100.9347,0.0173,23.36,2.32,-0.755,1.36E+13,4.3,-1.59,-0.29,-0.71,-0.15,1.87,6.53512053,6.279302658,2.682774186
2017-08-01,118.39,2471.649902,2088.3091,1.25,245.304,101.0294,0.0194,23.16,2.21,-0.755,1.37E+13,4.4,-1.85,-2.24,0.28,-2.42,0.16,3.061351132,2.797524592,0.602827309
2017-09-01,117.74,2519.360107,2102.5978,1.25,246.445,101.1479,0.0223,23.28,2.2,-0.752,1.37E+13,4.2,4.84,3.03,-1.18,1.63,2.51,2.332968091,2.087452148,0.029896835
2017-10-01,120.22,2575.26001,2106.7211,1.26,246.57,101.2947,0.0204,23.67,2.36,-0.785,1.38E+13,4.1,-1.97,-0.05,1.04,-3.33,2.25,1.764031654,2.117403829,0.032486221
2017-11-01,120.28,2584.840088,2103.9112,1.32,247.333,101.275,0.022,23.81,2.35,-0.8075,1.38E+13,4.2,-0.43,-0.04,3.12,0,3.12,3.63996727,2.667865877,0.102578717
2017-12-01,119.7,2673.610107,2102.8654,1.54,247.847,101.194,0.0211,24.25,2.4,-0.802,1.38E+13,4.1,-1.04,0.14,0.65,1.65,1.06,5.329613778,3.489063514,1.042759669
2018-01-01,117.77,2823.810059,2106.1766,1.63,248.816,101.2227,0.0207,24.97,2.58,-0.795,1.39E+13,4.1,-3.15,-1.37,-0.5,-0.89,5.58,6.664743225,8.027477614,0.201211708
2018-02-01,116.82,2713.830078,2109.3436,1.78,249.475,101.3792,0.0221,23.82,2.86,-0.765,1.39E+13,4.1,0.32,-1.19,0.52,-2.25,-3.65,42.42139625,33.19923735,3.116209011
2018-03-01,117.07,2640.870117,2124.2163,2.08,249.413,101.4763,0.0236,23.41,2.84,-0.722,1.40E+13,4,3.54,-0.12,-0.51,0,-2.35,16.83435245,15.57153097,1.849513627
2018-04-01,117.13,2648.050049,2171.4354,2.2,249.957,101.4275,0.0246,22.53,2.87,-0.725,1.40E+13,4,0.97,0.54,-2.09,1.18,0.29,9.597528562,8.101219013,0.15344323
2018-05-01,121.26,2705.27002,2177.3723,2.16,250.64,101.345,0.028,22.49,2.98,-0.7525,1.41E+13,3.8,4.72,-3.16,-1.95,-1.42,2.65,14.09983755,11.1701203,0.596635761
2018-06-01,123.39,2718.370117,2195.6049,2.19,251.176,101.2893,0.0287,22.49,2.91,-0.746,1.41E+13,4,0.86,-2.38,0.71,0.33,0.48,6.181122127,4.554839402,0.172178608
2018-07-01,122.1,2816.290039,2210.1171,2.17,251.482,101.2591,0.0295,22.33,2.89,-0.75,1.42E+13,3.8,-1.92,0.43,1.61,0.43,3.19,13.54135852,10.27474157,1.102618392
2018-08-01,121.93,2901.52002,2214.6766,2.19,251.905,101.2699,0.027,22.37,2.89,-0.788,1.42E+13,3.8,0.65,-4.08,-0.28,-2.5,3.44,8.847102212,7.148871829,0.074874631
2018-09-01,121.71,2913.97998,2223.1012,2.24,252.261,101.3499,0.0228,22.25,3,-0.8,1.42E+13,3.7,-2.52,-1.3,0.59,1.24,0.06,4.185148991,3.713066914,0.36574869
2018-10-01,122.56,2711.73999,2238.2661,2.37,252.777,101.3328,0.0252,21.25,3.15,-0.79,1.42E+13,3.8,-4.51,3.44,0.87,3.45,-7.68,28.70867341,25.58688254,3.854465686
2018-11-01,124.47,2760.169922,2266.9087,2.56,252.662,101.228,0.0218,20.67,3.12,-0.75,1.42E+13,3.7,-0.82,0.25,-0.6,0.32,1.69,10.25577878,10.40562019,0.249712743
2018-12-01,124.11,2506.850098,2298.595,2.69,252.653,101.0646,0.0191,19.39,2.83,-0.6925,1.44E+13,3.9,-3.05,-1.47,-0.13,0.16,-9.55,40.68505151,23.21740275,2.852449874
2019-01-01,122.69,2704.100098,2320.33,2.59,252.55,100.8689,0.0155,19.6,2.71,-0.705,1.44E+13,4,3.09,-0.62,-0.69,-1.36,8.41,15.49870618,7.535379279,0.653668519
2019-02-01,123,2784.48999,2328.8848,2.49,253.181,100.9207,0.0152,20.6,2.68,-0.77,1.45E+13,3.8,1.78,-2.84,0.24,-1.47,3.4,19.78885799,11.67940526,2.011014218
2019-03-01,123.69,2834.399902,2341.946,2.48,254.095,101.1297,0.0186,20.86,2.57,-0.798,1.45E+13,3.8,-3.54,-4.07,0.93,-1.02,1.1,18.53460441,10.39600936,1.046931072
2019-04-01,123.93,2945.830078,2341.8409,2.47,254.943,101.2831,0.02,21.56,2.53,-0.7975,1.46E+13,3.6,-1.13,1.93,1.75,-2.17,3.96,17.44331882,9.272177601,0.120291046
2019-05-01,124.88,2752.060059,2344.0575,2.44,255.167,101.3681,0.0179,21.15,2.4,-0.796,1.47E+13,3.6,-1.47,-2.39,-0.35,1.78,-6.94,11.15430722,9.535831243,1.729003466
2019-06-01,124.19,2941.76001,2350.2424,2.3,255.402,101.2796,0.0165,21.37,2.07,-0.7725,1.48E+13,3.7,0.37,-1.08,0.94,-0.38,6.93,16.4208426,9.735781069,2.173791146
2019-07-01,124.02,2980.379883,2357.2524,2.22,256.087,101.0584,0.0181,22.28,2.06,-0.77,1.49E+13,3.7,-1.91,0.14,-0.08,0.36,1.19,6.066867956,6.375415697,0.311168173
2019-08-01,125.64,2926.459961,2370.298,2.06,256.294,100.7716,0.0175,21.67,1.63,-0.74,1.49E+13,3.7,-3.3,-4.99,0.37,-0.96,-2.58,26.81635514,20.27332437,0.363878584
2019-09-01,125.8,2976.73999,2362.6229,2.03,256.593,100.7578,0.0171,22.44,1.7,-0.7025,1.50E+13,3.5,0.32,6.71,1.97,3.55,1.44,9.790117734,9.094485079,1.157233572
2019-10-01,125.04,3037.560059,2353.7539,1.88,257.229,100.9206,0.0176,22.41,1.71,-0.71,1.52E+13,3.6,0.21,-2.07,0.43,-0.96,2.06,6.285979086,6.057883229,1.079206975
2019-11-01,124.78,3140.97998,2359.4105,1.77,257.824,101.1357,0.0205,23.36,1.81,-0.75,1.53E+13,3.5,0.5,-1.86,-1.5,-1.29,3.87,10.34345183,5.163398018,0.202113855
2019-12-01,123.67,3230.780029,2351.6909,1.76,258.444,-0.0009,0.0229,1.86,-0.7625,1.53E+13,3.5,0.96,1.83,0.21,1.31,2.77,13.82039758,18.54691799,10.31162811,2.779269421
